transaction_id,card_id,customer_id,customer_zipcode,merchant_id,merchant_name,merchant_category,merchant_zipcode,merchant_country,transaction_amount,authorization_response_code,atm_network_xid,cvv_2_response_xflg,rules_engine_prediction,fraud_label
709136,9014,1048,06793,3455,"Lane, Lopez and Baker",7383,82141,GB,916,C,B,M,0,0
952565,9101,1100,68975,7525,"Cortez, Duffy and Ellis",9832,51316,GB,2431,A,B,M,0,0
924293,9199,1158,67544,1154,Brown-Bennett,2333,93378,GB,471,B,A,M,0,0
406585,9010,1190,24587,4571,Wong-Mendez,9883,54724,GB,2317,C,A,N,0,0
736081,9158,1055,58875,2609,"Thompson, Vargas and Maldonado",2333,73482,GB,699,A,D,M,0,0
275027,9017,1024,72792,3267,Lloyd Group,9832,10335,GB,888,C,B,P,0,0
649682,9029,1046,89312,2169,Burke-Hernandez,2333,68398,GB,937,C,C,M,0,0
689915,9108,1111,05523,1134,"Armstrong, Hernandez and Smith",2002,02104,GB,1808,C,B,N,0,0
926613,9101,1138,91620,9446,"Soto, Lee and Mathis",1011,22230,GB,489,A,C,P,0,1
212752,9090,1057,23018,7909,Clark Group,9832,65434,GB,289,B,C,N,0,0
856042,9188,1024,94328,8302,"Neal, Ayers and Richardson",9832,20967,GB,392,C,B,N,0,0
472350,9028,1134,75667,3853,Pearson Inc,9883,58651,GB,564,A,D,P,0,0
707719,9119,1160,96559,2019,Garrett Inc,9883,13261,GB,1666,B,D,M,0,0
233990,9056,1009,58175,1032,Gonzales Group,4050,91942,GB,1566,B,A,N,0,0
882967,9181,1185,99312,9078,Cardenas Inc,2333,03956,GB,1443,B,A,M,0,0
666208,9164,1101,07817,5023,Holden-Frazier,9832,22317,GB,619,D,D,N,0,0
597043,9042,1129,98432,9798,Peterson-Scott,1011,63551,GB,1203,D,D,M,0,1
283716,9134,1129,00586,7396,Andrade Group,1011,61005,GB,2468,D,A,N,0,1
225081,9088,1030,80222,2295,Jacobs LLC,9883,30259,GB,68,D,D,P,0,0
339989,9177,1074,32676,8641,Mills-Osborne,2333,58845,GB,843,D,A,N,0,0
668350,9057,1030,60982,9347,Powell-Brown,4050,37584,GB,428,C,D,P,0,0
267062,9077,1051,86643,9940,Harrington-Barnes,4021,14814,GB,2308,D,B,M,0,0
731239,9159,1184,03906,1457,Larson-Hooper,2333,84164,GB,725,B,A,P,0,0
211163,9024,1074,06467,6876,Humphrey and Sons,4021,25927,GB,2360,D,A,P,0,0
554842,9177,1176,57526,6252,Miller-Gamble,7383,09385,GB,1196,D,C,P,0,0
965891,9007,1135,33026,2941,Allen Ltd,4050,83932,GB,2485,A,C,M,0,0
711806,9132,1007,75725,1486,Keith and Sons,7383,66531,GB,1060,C,B,N,0,0
233744,9013,1199,98586,9809,Brown-Taylor,2333,51683,GB,1158,D,A,N,0,0
404824,9175,1199,62227,1761,Townsend and Sons,1011,39296,GB,90,C,D,M,0,1
125742,9049,1113,05360,9732,"Watson, Hodge and Gonzalez",9832,33839,GB,1808,C,A,P,0,0
887369,9084,1170,73021,5744,Woodard-Sharp,1011,11214,GB,137,C,B,M,1,1
132355,9088,1144,63175,8752,"Scott, Walker and Adams",7383,33662,GB,1236,C,A,M,0,0
423198,9141,1200,67581,5448,Jefferson LLC,2333,94604,GB,1639,C,A,N,0,0
327933,9106,1174,54485,6581,Baker-Evans,7383,24567,GB,482,C,B,M,0,0
797042,9155,1020,91869,3150,Webster-Johnson,4021,23981,GB,1494,C,D,M,0,0
647160,9111,1125,25015,1408,"Brown, Taylor and Johnson",2333,46708,GB,1917,D,D,P,0,0
692810,9151,1111,67863,4513,Harrington-White,9832,51248,GB,796,B,B,P,0,0
555820,9062,1126,27734,3626,Wolfe and Sons,2333,70411,GB,1429,A,D,M,0,0
799637,9034,1070,45790,5204,Gill Group,2002,91783,GB,1128,A,C,N,0,0
982221,9071,1111,63856,7701,Martin Inc,4021,54705,GB,1604,A,D,M,0,0
574078,9089,1116,74475,8910,Martinez-Lewis,2002,16320,GB,2174,B,C,P,0,0
277438,9076,1115,42526,8710,Martinez LLC,9832,10382,GB,143,C,C,N,0,0
417260,9135,1190,97150,7368,Lopez-Wade,9883,82517,GB,63,D,D,N,0,0
587098,9021,1157,87915,2577,"Flowers, Edwards and Becker",9832,28164,GB,511,D,A,P,0,0
279838,9194,1149,76533,3583,"Vega, Mays and Mcconnell",9883,29211,GB,1626,C,B,M,0,0
201636,9103,1168,05214,9821,Martinez and Sons,9832,81674,GB,350,C,A,N,0,0
224676,9052,1159,71218,5406,"Houston, White and Copeland",9832,22665,GB,2168,B,C,M,0,0
865164,9081,1152,74798,4108,"Lopez, Snyder and Baird",7383,43450,GB,1421,D,A,P,0,0
809906,9190,1179,38355,7208,Humphrey and Sons,9832,09739,GB,1812,C,D,P,0,0
212904,9163,1073,72953,1303,"Chen, Ewing and Lynch",1011,93301,GB,703,D,C,P,0,1
340046,9033,1038,80090,6695,"Scott, Goodwin and Mclean",9832,16779,GB,519,D,B,M,0,0
628050,9062,1115,44925,6801,Mcdonald-Williams,2002,14119,GB,832,D,B,P,0,0
462068,9106,1002,55430,7930,"Murphy, Miller and Simpson",4021,22459,GB,445,C,A,P,0,0
338837,9188,1100,72500,8087,Conley-Brown,4050,03724,GB,2428,C,D,N,0,0
652815,9116,1080,62068,7083,"Lee, Hamilton and Gardner",2002,17580,GB,744,A,A,P,0,0
215086,9002,1150,47235,7995,Rosales-Butler,4021,65356,GB,542,C,A,N,0,0
679830,9065,1165,56129,8875,Mitchell PLC,7383,72728,GB,415,A,C,P,0,0
226937,9016,1131,15736,2832,Baker Group,2002,51292,GB,806,D,C,M,0,0
225631,9099,1034,30067,3962,"Quinn, Martinez and Butler",9832,18787,GB,1176,B,A,N,0,0
929197,9121,1115,71795,1190,Castro-Perry,4021,67233,GB,1174,A,D,M,0,0
714999,9087,1197,41508,6767,"Duarte, Gibson and Davis",9832,26118,GB,2238,B,A,P,0,0
306516,9058,1054,21940,6693,"Padilla, Rivera and Garza",2333,53150,GB,1127,B,C,P,0,0
210952,9098,1022,69841,9391,Williams-Calderon,1011,86242,GB,1381,D,B,N,0,1
275000,9104,1048,20570,3766,"Peters, Mccullough and Torres",9883,28604,GB,1132,C,A,P,0,0
669474,9194,1084,53122,5726,Baldwin LLC,9883,77669,GB,2381,C,A,M,0,0
483342,9009,1132,49050,5046,"Ross, Joseph and Lopez",7383,70913,GB,52,C,B,P,0,0
116166,9083,1023,79001,3782,Phillips PLC,2333,99681,GB,1110,D,A,M,0,0
477392,9093,1123,42728,2078,Hernandez Ltd,7383,59228,GB,1217,D,C,M,0,0
388686,9138,1139,87121,4139,Barnes-Blackwell,4050,92457,GB,2187,C,C,M,0,0
345582,9046,1168,22130,4005,"Robinson, Oconnell and Smith",1011,29964,GB,649,B,A,P,0,1
535826,9107,1139,84335,9584,Mcmahon-Miller,4050,66974,GB,1228,A,D,M,0,0
311470,9040,1039,65450,2800,Riley Group,2333,83623,GB,1527,C,A,M,0,0
454375,9122,1120,98491,5637,"Gardner, Benson and Johnson",7383,53747,GB,162,C,C,N,0,0
869117,9110,1097,07409,9239,Meyers-Lane,2333,13902,GB,2179,B,A,M,0,0
801099,9087,1082,81012,9339,Baker Group,2333,01697,GB,2431,B,B,P,0,0
750137,9166,1167,06585,3765,"Carter, Gibson and Cox",9883,48438,GB,642,B,C,M,0,0
620096,9040,1011,13902,9426,"Goodman, Mccullough and Rodriguez",2333,05389,GB,2265,D,A,N,0,0
784958,9024,1043,89393,8516,Little-Thompson,2333,30516,GB,1863,C,C,P,0,0
558504,9183,1093,43828,1306,"Johnson, Terrell and Meyer",2333,14800,GB,240,A,B,P,0,0
986152,9088,1006,75165,6734,Rasmussen-Lopez,7383,78917,GB,856,B,A,P,0,0
117952,9065,1131,56615,7011,Hawkins LLC,4050,52210,GB,578,B,A,N,0,0
593328,9112,1181,53553,6131,Joseph-Hart,4021,14659,GB,38,B,C,P,0,0
913753,9110,1155,46526,6654,Davis-Stewart,9832,80956,GB,304,A,A,P,0,0
398048,9098,1046,12601,8664,Harris Ltd,2002,58938,GB,1631,A,B,M,0,0
429746,9041,1036,26654,1087,"Hobbs, Snyder and Mullen",1011,20183,GB,943,A,D,N,1,1
259802,9143,1030,90151,1507,Schmidt PLC,1011,67551,GB,1483,D,C,N,0,1
114045,9196,1198,09552,5651,"Williamson, Moreno and Clements",4021,27465,GB,1352,D,B,N,0,0
290716,9121,1195,51627,7301,Lopez-Hudson,4021,40113,GB,2275,C,B,M,0,0
215906,9144,1132,70693,9271,Johnson-Shaw,9832,98716,GB,158,A,B,P,0,0
672920,9032,1122,47276,5807,"Buck, Clarke and Costa",4021,52702,GB,1325,B,A,P,0,0
709271,9017,1143,89343,1821,"Wright, Bradley and Pace",4050,40404,GB,173,D,C,M,0,0
178721,9116,1071,33241,7192,Ellis-Sharp,9883,49423,GB,1500,A,D,M,0,0
176634,9089,1035,73100,7841,Green Inc,2333,39316,GB,1302,D,C,N,0,0
175066,9180,1099,66551,1453,"Fields, Coffey and Howard",2002,84469,GB,82,A,C,P,0,0
447377,9162,1186,35944,6406,Murphy-Hunter,2333,01267,GB,1588,C,B,N,0,0
162132,9053,1010,79013,8025,"Armstrong, Barber and Maldonado",7383,46072,GB,1141,C,B,P,0,0
679829,9027,1194,22764,1576,"Bird, Lyons and Reynolds",2002,82257,GB,1355,B,B,P,0,0
247212,9122,1060,29363,2665,Holder PLC,2002,38533,GB,2462,B,A,N,0,0
479513,9122,1067,85351,6940,"Johns, Wagner and Briggs",9883,43278,GB,1159,C,D,M,0,0
879967,9170,1042,39055,9163,"Trevino, Friedman and Nelson",7383,62114,GB,1857,C,A,N,0,0
822550,9113,1134,01010,7851,Mullen-Lee,1011,30729,GB,288,A,A,M,1,1
693670,9120,1136,87472,8702,"Mercado, Sherman and Edwards",4050,78380,GB,1668,D,D,N,0,0
977990,9098,1042,75370,7793,Robinson-Allen,7383,84688,GB,422,C,C,P,0,0
560851,9073,1030,21952,2930,Gray and Sons,1011,33818,GB,473,D,C,P,0,1
357489,9082,1111,09843,7069,Alexander Group,4050,80461,GB,535,A,B,M,0,0
984441,9045,1013,27832,4044,"Smith, Robinson and Johnson",1011,65117,GB,1278,D,D,N,1,1
839421,9189,1039,45668,7319,Cuevas-Evans,7383,61096,GB,2015,B,A,P,0,0
468916,9148,1026,85368,9087,"Johnson, Villegas and Martinez",2002,25550,GB,2101,B,A,P,0,0
698503,9198,1117,88260,2261,Hoffman Ltd,4050,53216,GB,2094,A,D,P,0,0
496123,9001,1054,89383,9756,"Arnold, Carter and Hunt",4021,96488,GB,2258,A,B,N,0,0
334086,9008,1014,40964,9798,Morales LLC,1011,57826,GB,1875,D,C,M,0,1
715315,9119,1151,14551,1656,Jones-Sullivan,4021,83970,GB,1626,D,C,N,0,0
500901,9062,1199,67879,1314,Brown PLC,4050,11250,GB,1153,A,C,M,0,0
919502,9099,1183,06494,9495,Gomez-Conley,1011,42290,GB,1880,D,B,P,1,1
546879,9193,1181,87488,6791,Cooper-Simpson,4050,00866,GB,2048,A,A,N,0,0
359056,9056,1065,60317,8312,"Santiago, Berry and Kramer",4021,79651,GB,1509,A,B,M,0,0
671678,9024,1028,00647,5230,Holland-Moore,9883,86606,GB,1590,C,D,M,0,0
234745,9060,1003,46753,9934,Taylor Inc,9832,22622,GB,803,D,A,N,0,0
757887,9077,1151,19071,6567,Lewis Ltd,4050,82730,GB,2212,A,C,N,0,0
352017,9131,1180,47530,8795,Rivera-Walker,2002,06819,GB,767,B,B,M,0,0
540552,9196,1068,14599,4094,Fernandez-Perez,9832,14225,GB,1418,C,B,N,0,0
860441,9082,1071,73675,2833,James-Collier,2002,35771,GB,690,A,B,P,0,0
705124,9048,1006,29453,1925,"Ramirez, Marshall and West",2002,86918,GB,1312,C,D,M,0,0
894174,9117,1179,58400,8377,"Reyes, Newman and Dean",7383,56826,GB,1077,A,B,P,0,0
509330,9056,1071,95531,5857,Elliott-Lutz,2002,84218,GB,1877,A,C,M,0,0
358538,9143,1192,91569,3490,Rodriguez Inc,4050,56447,GB,1786,C,B,M,0,0
901564,9061,1156,59355,6477,Moore Inc,2333,54904,GB,2042,B,A,M,0,0
770398,9081,1146,38301,1787,Williams Inc,4050,93051,GB,443,C,A,N,0,0
522354,9056,1077,82620,7128,Myers-Garcia,4050,06783,GB,51,B,A,M,0,0
117185,9194,1152,62803,8412,Collier and Sons,1011,38943,GB,690,C,D,N,1,1
272761,9052,1135,61099,1372,Richards Group,4050,28940,GB,59,B,B,P,0,0
651031,9164,1097,88825,6480,"Jordan, Moss and Rich",2333,22448,GB,1207,A,C,N,0,0
820487,9174,1065,37643,8227,Pena Inc,9883,99910,GB,1819,D,B,N,0,0
915244,9130,1047,95905,5538,"Myers, Miller and Christensen",9832,70366,GB,30,D,A,N,0,0
730781,9118,1152,31124,3210,Roman Inc,9883,85859,GB,1136,D,C,M,0,0
978643,9012,1157,33806,8988,"Watson, Gilbert and Montoya",4021,16170,GB,2143,D,C,P,0,0
452164,9057,1082,86328,9272,"Wright, Anderson and Lawrence",2002,10355,GB,1687,B,D,N,0,0
298314,9039,1045,95269,4618,Roberson-Pham,2333,76960,GB,978,B,B,P,0,0
978134,9044,1049,89484,3710,"Reynolds, Boone and Flynn",9883,27344,GB,1212,B,A,N,0,0
730383,9033,1025,90016,6622,"Wolfe, Giles and Garcia",2333,47623,GB,1078,D,D,P,0,0
678271,9128,1021,70708,6337,"Wilkinson, Clark and Berry",7383,52611,GB,989,A,D,M,0,0
745707,9098,1001,63639,9281,Obrien and Sons,9883,64485,GB,796,D,D,N,0,0
354795,9071,1193,57066,3308,Lewis LLC,2002,57831,GB,1223,D,A,M,0,0
324659,9094,1158,29446,2055,Mayo Ltd,2333,37048,GB,450,B,A,M,0,0
228049,9028,1095,82031,3789,Coleman Ltd,9832,81161,GB,354,D,B,P,0,0
441493,9006,1193,67922,1083,"Lawson, Luna and Carter",4021,68448,GB,2428,A,C,N,0,0
470471,9002,1038,37343,2882,Brown Ltd,7383,68451,GB,1628,B,B,M,0,0
679996,9058,1067,10641,6121,Abbott-Peterson,7383,91059,GB,802,B,A,P,0,0
162816,9152,1142,40950,3409,"Chandler, Wilson and Bailey",4021,14492,GB,956,B,A,P,0,0
970776,9082,1072,19822,4833,"Russo, King and Rowe",2002,25463,GB,1201,B,D,M,0,0
388022,9101,1159,28913,3778,"Gray, Jordan and Mcbride",4050,15387,GB,949,B,B,N,0,0
171506,9011,1176,43214,5524,Hernandez Inc,4021,62057,GB,2071,A,D,P,0,0
974385,9103,1196,57170,3833,Young PLC,9883,91843,GB,880,B,C,P,0,0
507087,9055,1102,92567,8666,"Chase, Rodriguez and Parker",9832,26865,GB,2316,A,B,N,0,0
749863,9057,1145,05673,8837,Adams LLC,9832,14552,GB,2120,C,C,N,0,0
741138,9189,1165,57433,4177,"Frazier, Montes and Garcia",2333,28175,GB,1451,D,C,M,0,0
449875,9004,1108,27291,6027,Williams-Smith,7383,71173,GB,38,A,A,M,0,0
140207,9162,1087,56789,6702,Snow and Sons,9832,23110,GB,1406,C,B,P,0,0
854565,9109,1164,43532,3007,Guzman-Scott,9832,03006,GB,1146,B,B,N,0,0
281395,9127,1025,69609,9382,Gordon Group,9832,75523,GB,952,B,B,M,0,0
915598,9097,1097,93411,4253,"Riley, Powers and Miller",1011,31546,GB,708,A,B,N,1,1
849187,9063,1078,51722,7005,Mason PLC,4050,31203,GB,1195,B,A,N,0,0
867174,9037,1168,78571,2421,Cross Ltd,9832,50523,GB,1135,B,B,P,0,0
782459,9010,1162,68555,7170,"Grimes, Rice and Daniels",4050,28506,GB,1390,C,B,N,0,0
627182,9178,1102,51892,6668,"Craig, French and Curtis",9832,47755,GB,2079,C,A,M,0,0
115143,9126,1036,27573,7039,"Rivera, Wise and Davis",1011,71389,GB,1401,A,D,N,1,1
916960,9027,1003,91391,1874,"Zhang, Henry and Jones",9832,85663,GB,122,C,D,N,0,0
210570,9069,1012,28775,8038,Lawson LLC,9832,35355,GB,2377,A,D,P,0,0
244190,9086,1185,97573,4068,Bell Inc,4050,19785,GB,1220,D,A,N,0,0
264694,9165,1049,71225,4359,Johnson LLC,2333,98802,GB,1402,A,A,N,0,0
340424,9090,1092,66811,2323,"Hawkins, Dougherty and Lee",9832,74999,GB,2056,C,C,P,0,0
145471,9020,1043,27442,9880,Jones-Moore,4021,30962,GB,2478,C,B,M,0,0
203389,9002,1061,73409,2655,"Clark, Thompson and Dean",1011,91069,GB,847,D,C,P,0,1
145966,9191,1162,44611,2084,"Carlson, Moore and Williams",7383,89436,GB,2500,C,C,M,0,0
106984,9177,1166,49874,5704,"Garcia, Barnes and Perkins",4050,71063,GB,1075,A,C,P,0,0
172759,9100,1061,58463,6721,Thornton-Cole,4021,95141,GB,2462,B,B,N,0,0
513491,9192,1045,33132,8598,"Church, Brown and Oconnor",4050,73890,GB,315,A,D,P,0,0
629706,9047,1081,00602,9900,"Lewis, Hunt and Bentley",9883,81384,GB,2359,D,B,M,0,0
858503,9125,1151,17400,8754,Ross PLC,2333,45991,GB,1667,B,D,P,0,0
778733,9088,1030,90090,3179,Jenkins-Martinez,7383,73933,GB,2302,B,C,M,0,0
891657,9074,1016,36642,3387,Cline Group,4021,98042,GB,1784,D,A,N,0,0
310239,9058,1052,57021,8708,"West, Young and Alexander",4021,19752,GB,1689,A,D,N,0,0
270232,9155,1112,95206,7846,Patel-Moore,1011,34811,GB,359,C,B,N,1,1
679996,9113,1101,35310,7788,Edwards-Murphy,9832,98321,GB,1359,D,A,M,0,0
990766,9045,1037,12279,3437,Rodriguez-Sanders,2002,75255,GB,2061,B,C,N,0,0
171908,9076,1174,89447,8390,Hogan-Harris,9832,93717,GB,1278,A,C,M,0,0
771407,9076,1031,32547,2894,Liu-Ortega,4050,89043,GB,315,C,C,P,0,0
453386,9014,1037,36771,7406,Jones-Sanchez,1011,43409,GB,2044,A,A,N,1,1
502051,9073,1062,24034,3375,"Hudson, Stevenson and Logan",2333,65963,GB,982,D,B,M,0,0
582800,9011,1058,18142,5158,Howard-Mckinney,7383,94140,GB,1506,A,B,M,0,0
347065,9082,1041,95387,5192,Steele-Howard,9883,27174,GB,400,A,D,P,0,0
466868,9045,1167,97812,2261,Washington-King,2002,76401,GB,1517,B,D,P,0,0
680218,9161,1044,52144,2217,Reyes Inc,4021,88002,GB,2399,B,C,M,0,0
973508,9102,1183,45883,4408,Scott Group,1011,76036,GB,2355,B,D,P,0,1
700457,9198,1148,43501,5380,Ellis Inc,4021,92706,GB,843,D,A,N,0,0
112473,9034,1170,43744,5182,"Mendez, Mendoza and Douglas",9883,28531,GB,848,C,D,P,0,0
292561,9058,1121,23300,9269,Harris and Sons,9883,36230,GB,2111,C,D,P,0,0
805118,9147,1178,85469,9713,"George, Thomas and Murray",2333,55669,GB,234,D,C,M,0,0
791105,9127,1061,57159,2348,Lee-Fitzgerald,7383,52620,GB,615,B,B,P,0,0
560692,9155,1075,62235,1750,"Hughes, Walters and Ramos",7383,03834,GB,994,D,B,N,0,0
666748,9082,1077,60998,6163,Washington Group,2333,82352,GB,101,B,D,P,0,0
313022,9034,1005,63501,4196,Monroe-Williams,9832,63159,GB,1190,A,A,M,0,0
141368,9169,1152,01198,5130,Contreras and Sons,7383,62416,GB,1109,C,D,P,0,0
263557,9138,1143,29728,2175,Kelley Group,9832,33338,GB,2172,C,C,P,0,0
530275,9131,1128,95576,6519,Johnson Inc,9883,62437,GB,1561,C,C,P,0,0
764235,9159,1032,51352,2541,"Costa, Smith and Pittman",2002,82210,GB,1851,A,A,N,0,0
776755,9114,1073,21378,9637,Williams Ltd,9883,72706,GB,201,C,D,N,0,0
403389,9088,1127,24289,9433,Hensley-Mills,2333,31806,GB,1810,B,B,N,0,0
349879,9097,1022,05603,4640,"Lewis, Anderson and Bradshaw",2002,11073,GB,2281,A,C,P,0,0
285497,9058,1195,90757,6097,Jenkins-Perez,2002,84990,GB,317,A,D,N,0,0
368623,9110,1049,31029,4238,"Foster, Morrow and Levy",1011,59166,GB,686,C,C,M,0,1
603365,9154,1041,59264,1052,Burgess-Murphy,2002,61549,GB,2415,B,A,P,0,0
954793,9076,1126,56091,1824,West Group,9883,21765,GB,1506,C,C,P,0,0
187131,9125,1074,50782,6582,Gonzales Ltd,4050,69846,GB,1828,C,A,M,0,0
497218,9113,1113,46752,3356,White-Scott,7383,68457,GB,2219,B,B,P,0,0
607986,9041,1151,52103,6668,Howard-Gordon,9832,54653,GB,300,D,B,M,0,0
646232,9179,1020,29377,7083,Fitzpatrick-Nguyen,2333,08850,GB,1437,C,C,N,0,0
927222,9001,1033,89847,7484,Scott-Jones,2002,85764,GB,686,C,B,M,0,0
860245,9124,1129,07965,6807,"Goodman, Caldwell and White",9883,65779,GB,1525,B,A,M,0,0
234771,9166,1074,04526,6355,Huber LLC,2333,23286,GB,2143,D,D,N,0,0
725935,9083,1157,46497,6364,Thompson Ltd,2333,94427,GB,105,C,C,P,0,0
943263,9173,1079,15690,4781,"Hebert, Porter and Garcia",9832,39642,GB,2180,D,C,P,0,0
412530,9087,1196,91510,3188,"Williams, Mccann and Stone",9883,54098,GB,1706,A,D,P,0,0
347691,9102,1053,98482,5734,Vazquez LLC,1011,42949,GB,1433,A,B,N,0,1
974919,9115,1070,05729,3393,"Costa, Anderson and Haley",4021,57187,GB,993,A,A,M,0,0
381175,9008,1119,55691,7394,Romero LLC,7383,08776,GB,1569,A,D,N,0,0
790384,9186,1022,75433,7965,Cabrera-Martin,7383,23352,GB,1253,B,C,M,0,0
357033,9015,1159,37549,2245,Hughes-Cruz,4050,65968,GB,1004,C,B,N,0,0
887320,9094,1053,82521,5751,Hernandez Inc,2002,16601,GB,86,A,D,P,0,0
128280,9038,1036,04984,8335,"Brady, Hernandez and Horton",9883,13212,GB,2305,D,C,N,0,0
222963,9002,1109,59300,8672,Butler-Lee,4021,38867,GB,1027,D,A,M,0,0
404095,9051,1020,98990,3802,"Chan, Bell and Davidson",9832,84977,GB,921,A,A,M,0,0
164826,9178,1110,33290,4856,Cordova LLC,2333,00641,GB,709,D,C,M,0,0
160737,9022,1115,21881,4609,Campbell Ltd,2002,13766,GB,1093,C,C,M,0,0
451092,9191,1002,22471,5561,Webb Group,9832,30713,GB,1421,C,B,N,0,0
321633,9118,1175,70470,4322,Miles-Colon,1011,43305,GB,1908,C,A,N,1,1
852622,9161,1024,80778,8875,Harris-Miller,9832,94943,GB,1618,A,B,M,0,0
960167,9102,1080,81048,3207,Page Ltd,2333,95062,GB,1159,A,D,P,0,0
909618,9036,1013,46789,5219,Murphy-Robertson,2333,33768,GB,171,C,C,P,0,0
361267,9088,1157,01006,8637,Logan-Ingram,2333,04153,GB,504,A,A,P,0,0
339916,9079,1050,38948,2032,Patterson-Johnson,2002,65377,GB,217,C,C,P,0,0
201894,9175,1080,57510,4799,Poole-Carlson,2002,76015,GB,2012,A,C,M,0,0
273956,9033,1106,98516,1545,Knox-Allen,9832,52824,GB,1242,D,A,M,0,0
899561,9136,1096,04001,2594,"Roberts, Terry and Bautista",2002,41468,GB,815,A,D,P,0,0
105877,9113,1008,26643,6145,Velasquez PLC,4050,72716,GB,416,C,B,N,0,0
635888,9063,1015,47711,3173,"Garrett, Mcknight and Haney",4021,68435,GB,728,B,A,M,0,0
608054,9192,1044,20523,4186,"Palmer, Hunter and Nguyen",4050,19757,GB,1464,A,C,P,0,0
421171,9166,1021,71369,1765,"Ortiz, Diaz and Flores",9832,71877,GB,1669,A,A,M,0,0
254858,9118,1134,23740,1563,"Kaiser, Kennedy and Torres",7383,59883,GB,1090,D,A,N,0,0
874684,9059,1048,76274,5372,Simmons Group,4050,40887,GB,1670,D,B,P,0,0
958012,9156,1125,70798,8475,"Garcia, Hickman and Carter",9883,13642,GB,1980,D,C,M,0,0
861907,9190,1059,31984,4566,Williams-Ballard,7383,90990,GB,1532,D,A,P,0,0
821760,9068,1013,27737,5990,Clay LLC,9883,76644,GB,1718,A,B,N,0,0
761404,9075,1074,74425,8732,Green LLC,4050,98555,GB,2006,C,A,M,0,0
550510,9162,1051,86412,9091,Bautista-Schroeder,2333,30972,GB,603,D,D,M,0,0
873897,9100,1116,58409,8751,Lawrence-Johnson,2333,93535,GB,394,D,D,P,0,0
845343,9181,1028,09225,7455,Martin-Lewis,1011,31578,GB,875,C,C,P,1,1
533351,9094,1040,10155,8231,"Williams, Figueroa and Weiss",9832,20064,GB,1879,A,D,P,0,0
520054,9154,1056,94899,2281,Steele Group,1011,95136,GB,1963,A,C,P,1,1
428661,9111,1099,80504,7615,Parker-Elliott,9832,10616,GB,1560,B,D,M,0,0
903364,9076,1102,31564,4930,"Wong, Wells and Martin",9832,84308,GB,1589,B,B,M,0,0
610141,9151,1025,62744,4638,Atkinson-Miller,7383,58209,GB,2248,A,C,M,0,0
515680,9138,1027,71808,5189,Ross-Williams,2333,61332,GB,908,D,B,N,0,0
308012,9070,1128,75257,1034,Barr Group,7383,48223,GB,400,C,B,M,0,0
230680,9144,1177,16827,2952,"Humphrey, Silva and Jones",7383,92269,GB,899,D,D,P,0,0
979213,9043,1150,02010,2218,Stevens LLC,7383,96062,GB,1479,C,D,P,0,0
481628,9164,1011,47551,1863,"Jones, Howard and Cole",9883,51022,GB,2220,D,D,M,0,0
379963,9152,1078,21986,6747,Martin Group,2333,00793,GB,132,A,B,P,0,0
644842,9154,1090,73143,7507,Peterson-Bell,4021,77571,GB,1107,B,C,N,0,0
910489,9010,1021,56463,3311,Downs-Long,2002,96669,GB,2492,C,A,N,0,0
466276,9169,1129,63493,3171,"Rogers, Smith and Prince",9832,17062,GB,107,D,A,P,0,0
366762,9198,1084,66933,6402,Thomas PLC,4050,40847,GB,2214,A,B,P,0,0
663480,9054,1082,93885,2701,Mathis Ltd,2002,50669,GB,743,A,C,M,0,0
679795,9090,1186,36584,4877,"Black, May and Briggs",4050,94745,GB,1506,B,B,M,0,0
402683,9160,1013,84477,3276,Woods-Ho,4050,83186,GB,1907,C,D,P,0,0
219633,9061,1148,02136,2223,"White, Jensen and Shelton",9832,90588,GB,2034,A,C,M,0,0
998621,9120,1171,26410,8438,Phillips-Gilbert,9883,43479,GB,1725,A,C,P,0,0
190017,9158,1172,31219,4354,"Smith, Taylor and Evans",9883,41826,GB,845,B,C,N,0,0
714144,9162,1049,77510,7871,Davies PLC,9883,13004,GB,800,D,C,P,0,0
683363,9059,1112,12622,5899,Maldonado-Benson,9832,22210,GB,1664,D,D,N,0,0
538083,9171,1095,05085,8461,Schaefer-Kirby,9832,52136,GB,1155,D,D,P,0,0
706304,9099,1103,99941,7814,"Johnson, Marquez and Bell",2002,78197,GB,485,B,D,M,0,0
322936,9013,1094,61946,6508,Tucker PLC,1011,10495,GB,1047,B,D,P,0,1
257233,9175,1111,18026,6130,Padilla-Gonzalez,4050,92804,GB,2207,B,A,P,0,0
694745,9069,1000,21928,4971,George-Vaughn,4021,95726,GB,2064,D,C,N,0,0
177037,9166,1115,40478,6349,Ford Ltd,2333,13071,GB,1354,B,D,P,0,0
267049,9003,1058,08979,9088,"Garcia, Ramirez and Smith",1011,16369,GB,2471,A,B,P,1,1
740511,9118,1056,47498,5366,Smith Group,9883,85469,GB,2233,D,C,P,0,0
859246,9053,1103,52544,6929,Ellison-Russo,9832,06287,GB,647,C,B,M,0,0
704141,9181,1033,28913,5400,"Dyer, Barron and Coleman",4050,10802,GB,822,D,C,N,0,0
683107,9084,1062,36904,8704,"Baker, Bennett and Nguyen",7383,88152,GB,764,C,A,M,0,0
621736,9190,1191,74424,2162,Thomas-Gonzales,7383,89880,GB,205,B,C,N,0,0
100077,9033,1056,34298,4048,Lawson-Taylor,4050,12244,GB,1585,D,A,N,0,0
636204,9082,1116,65833,1232,Guerrero-Lee,4021,40674,GB,605,D,D,P,0,0
155172,9045,1151,98238,3670,"Bolton, Drake and Mcdaniel",9832,83215,GB,1117,D,A,P,0,0
689885,9101,1149,08777,5593,Bell-Lewis,7383,14132,GB,2474,C,B,P,0,0
306342,9021,1092,01427,5801,Oconnor LLC,2002,22811,GB,1650,D,D,P,0,0
432561,9184,1114,31557,6470,Aguilar-Yu,4021,39212,GB,1552,B,C,P,0,0
162014,9075,1063,70332,1149,"Miller, Montoya and Vargas",4050,66780,GB,556,A,B,P,0,0
140500,9118,1004,27097,2997,James LLC,9883,91637,GB,208,A,A,N,0,0
596091,9133,1162,18961,7501,Richard-Oneal,4050,24144,GB,2178,C,A,M,0,0
216849,9086,1193,40890,5049,"Chavez, Harris and Jimenez",9883,00888,GB,2242,D,B,N,0,0
500350,9165,1135,20004,4243,Turner-Ford,7383,32171,GB,70,B,A,P,0,0
126956,9025,1005,19350,7514,Cunningham-Kennedy,2333,07446,GB,1077,C,B,N,0,0
775237,9089,1079,31609,1579,West LLC,2002,85885,GB,1893,C,D,N,0,0
668247,9075,1167,06603,6147,Cobb Inc,9832,37228,GB,1694,C,B,N,0,0
219677,9127,1027,09013,4827,Alvarez-Johnson,9832,90412,GB,696,C,D,M,0,0
837064,9188,1118,34192,1372,"Hatfield, Riggs and Lawson",4021,51043,GB,485,A,A,M,0,0
953030,9008,1032,90856,7555,Carpenter-Yoder,4021,53659,GB,2240,C,A,P,0,0
560652,9043,1161,77582,4916,"Nguyen, Taylor and Perry",4021,73600,GB,85,A,B,N,0,0
109568,9061,1125,77266,1060,"Miller, Kelly and Walters",9832,77952,GB,529,D,B,N,0,0
618379,9112,1075,82043,8129,"Franklin, Swanson and Burke",4050,94041,GB,2151,B,D,M,0,0
858226,9169,1049,07173,1322,"Cunningham, Turner and Cummings",2002,30308,GB,2168,A,D,P,0,0
634497,9056,1036,89857,8706,Klein Inc,1011,86493,GB,2112,D,D,P,1,1
117052,9193,1192,38173,6994,Hart-Wilcox,2002,83671,GB,2055,B,C,P,0,0
631927,9111,1176,03102,3128,Riggs Group,2002,10558,GB,1197,D,A,N,0,0
377478,9153,1114,40952,9358,"Zimmerman, Everett and Donovan",2002,92688,GB,1250,B,D,P,0,0
206041,9140,1052,30570,1560,Johnson LLC,1011,81291,GB,2405,A,A,M,0,1
622127,9150,1087,54459,2831,Cannon-Klein,4050,56008,GB,1364,C,D,P,0,0
414353,9162,1060,38940,4250,"Carter, Glover and Bell",7383,79742,GB,628,D,C,N,0,0
619206,9005,1030,77186,1041,Estrada Group,7383,71477,GB,449,D,C,P,0,0
767505,9199,1140,86009,7588,Hale-Wolf,2333,32926,GB,1042,D,A,M,0,0
517113,9065,1024,01127,6690,Gonzalez and Sons,1011,54818,GB,1742,D,B,M,1,1
157119,9174,1018,97606,2119,"Brady, Adkins and Snyder",2333,35227,GB,1337,D,A,M,0,0
187730,9100,1112,82541,9649,Petty Group,2002,67532,GB,153,A,B,N,0,0
140285,9192,1106,68287,2841,Johnson Inc,9832,51436,GB,1857,B,D,M,0,0
353652,9088,1199,56789,1334,Barry Group,9832,08162,GB,2365,D,B,P,0,0
232312,9193,1097,28786,8947,Pitts-Gibson,1011,30199,GB,2217,B,A,N,0,1
872415,9031,1085,81274,6229,Herman Ltd,7383,42780,GB,150,B,D,P,0,0
177327,9036,1090,58952,3152,Green-Cox,7383,30080,GB,1102,B,A,M,0,0
969605,9028,1172,38705,4738,Reyes-Fowler,4021,39800,GB,1291,A,B,M,0,0
750692,9134,1138,70512,7845,Todd Group,7383,94932,GB,1978,A,A,M,0,0
198936,9196,1175,85557,4247,"Contreras, Maynard and Barnes",9832,62350,GB,2237,A,D,M,0,0
102854,9047,1039,72310,2836,Greer LLC,1011,63151,GB,1392,A,B,N,1,1
642407,9092,1022,26796,4468,Wilson and Sons,7383,34068,GB,56,B,C,P,0,0
535444,9065,1048,08524,8627,Terry-Williamson,2333,80581,GB,194,C,D,M,0,0
193555,9073,1004,05453,6568,Merritt-Carr,4050,33370,GB,1612,D,D,N,0,0
701836,9147,1186,13057,9015,"Rodriguez, Yates and Clark",9883,94273,GB,1314,C,D,P,0,0
160183,9059,1003,58002,3775,"Mcgee, Estrada and Williams",2002,54750,GB,1037,B,C,M,0,0
680856,9005,1099,77885,1717,Gordon-Oconnell,2333,96895,GB,1093,A,C,M,0,0
841398,9094,1151,48942,7738,Anderson-Knapp,9832,99047,GB,167,D,A,P,0,0
475454,9168,1112,62928,4633,"Floyd, Castillo and Allen",4021,85231,GB,1878,B,C,P,0,0
288604,9162,1004,42744,7962,Lopez-Garcia,7383,33204,GB,1293,D,C,N,0,0
491660,9134,1153,21608,7400,Alvarez Inc,4050,32637,GB,436,B,C,N,0,0
935117,9105,1028,43156,4086,Thomas Inc,9883,61544,GB,649,C,D,M,0,0
344516,9099,1108,26096,8732,Ruiz Group,4050,70047,GB,1309,B,D,N,0,0
908320,9156,1094,56325,1756,Charles PLC,1011,70325,GB,177,B,A,N,0,1
158252,9127,1010,45491,3228,Campos Ltd,4021,98220,GB,1709,D,B,M,0,0
738863,9158,1035,05423,7800,Schneider Inc,4021,43479,GB,297,D,D,P,0,0
124932,9046,1186,38058,1466,Benjamin LLC,1011,76505,GB,1544,C,A,N,0,1
184136,9030,1161,73825,9366,"Shelton, Coleman and Williams",2333,57440,GB,982,B,A,N,0,0
530501,9035,1147,09512,7834,Hendricks Ltd,2002,60737,GB,192,B,A,P,0,0
534738,9121,1045,17973,3345,Valenzuela Inc,4021,86472,GB,1147,D,A,P,0,0
344896,9026,1038,68977,8107,Swanson Inc,4050,65918,GB,710,D,C,P,0,0
922854,9107,1101,47218,6742,Taylor-Hunter,2333,91523,GB,1538,C,C,M,0,0
309757,9097,1045,33225,2841,Mora-Baker,2333,73044,GB,2137,A,B,N,0,0
702045,9017,1108,43923,6929,Davis-Santos,1011,61792,GB,368,C,A,N,0,1
842884,9023,1087,07706,3924,Torres LLC,9832,99590,GB,1043,C,D,M,0,0
351495,9171,1029,80225,4550,Perry-Austin,9883,26351,GB,1657,A,A,P,0,0
359043,9151,1002,44060,7627,Dennis PLC,9832,44709,GB,614,A,D,N,0,0
334425,9119,1110,96777,7966,Fuentes Ltd,4021,30744,GB,1140,A,D,M,0,0
611807,9145,1088,04650,3666,"Simpson, Bray and Jackson",2333,89398,GB,743,D,C,P,0,0
941747,9135,1051,85388,6229,"Griffin, Walter and Bennett",2333,23837,GB,173,A,B,P,0,0
282394,9076,1043,85575,6319,Carter-Butler,2002,23091,GB,1931,D,D,M,0,0
556267,9109,1198,51566,8949,Reyes-Pitts,7383,61343,GB,1531,B,A,M,0,0
826666,9077,1030,83507,2668,"Brown, Johnson and Ward",4021,25833,GB,533,C,A,M,0,0
189992,9152,1149,34076,6286,Gomez-Parks,4050,43823,GB,792,D,D,N,0,0
786435,9043,1074,33101,5142,"Williams, Estrada and Cooley",7383,90857,GB,2456,B,B,P,0,0
976350,9041,1012,66092,8089,Carr-Arnold,2333,33002,GB,943,A,C,M,0,0
290404,9042,1054,90558,9880,Walters-Martinez,7383,26409,GB,677,D,C,P,0,0
805476,9038,1094,02091,8680,Martinez Group,2333,69596,GB,1936,D,B,N,0,0
426020,9052,1063,30313,6504,"Smith, Petersen and Villegas",4021,79881,GB,1232,B,C,M,0,0
385990,9181,1052,98174,9592,"Diaz, Maddox and White",9832,46314,GB,298,B,B,N,0,0
436426,9196,1039,02408,2270,Graham-Perry,4050,85175,GB,1732,D,B,N,0,0
616844,9170,1100,29703,3214,Elliott Inc,9832,69543,GB,1913,A,A,P,0,0
987130,9117,1078,42865,3576,Jordan-Shields,9883,96763,GB,1791,C,A,M,0,0
107453,9099,1042,33393,7919,"Sandoval, Ramirez and Perez",2002,11409,GB,2103,A,C,M,0,0
495627,9017,1163,26414,7606,Wright-Larson,2333,87519,GB,597,B,D,P,0,0
175480,9137,1036,40123,3594,Johnson-Morales,4050,48966,GB,222,B,D,N,0,0
213845,9181,1182,68176,3765,Brown-Hammond,7383,11981,GB,1584,C,A,M,0,0
555941,9144,1127,64083,4982,"House, Solis and Patrick",2333,45155,GB,1474,B,A,P,0,0
545103,9050,1070,79614,5365,"Novak, Richard and Gonzales",7383,93773,GB,1855,A,B,N,0,0
567966,9000,1065,64515,1615,Garcia-Potter,9832,99901,GB,1802,A,C,M,0,0
417113,9195,1159,47580,2905,Nicholson Inc,1011,74967,GB,1300,A,D,M,1,1
611456,9054,1082,54697,7835,Morris-Davies,2002,14277,GB,487,A,C,M,0,0
973169,9019,1126,14674,7098,Perkins-Kelly,9883,66681,GB,82,B,B,M,0,0
973832,9059,1165,03311,2201,Hamilton-King,7383,87437,GB,543,D,A,N,0,0
767860,9183,1122,14588,8273,Melendez Group,4050,91765,GB,636,B,C,M,0,0
533069,9179,1148,24684,6158,Travis Group,2333,31886,GB,1069,D,D,P,0,0
420065,9132,1006,30048,7367,"Phillips, Mccall and Foster",2333,25275,GB,912,A,C,N,0,0
224655,9011,1178,16185,2933,Martinez PLC,4050,87586,GB,1262,B,D,P,0,0
437136,9106,1176,42694,4689,Howe-Johnson,2002,09520,GB,1567,D,A,M,0,0
134610,9165,1046,23013,7943,"Reyes, Morgan and Hoover",9883,13210,GB,624,B,B,N,0,0
147282,9095,1094,51987,2109,"Bailey, Jones and Mendez",1011,70859,GB,366,D,D,P,0,1
274175,9123,1144,29592,9801,Williams Inc,2002,05780,GB,506,D,C,M,0,0
146769,9194,1004,34545,7266,Garcia-Osborn,9883,51870,GB,674,D,A,P,0,0
279383,9080,1007,60228,7866,Turner-Brewer,4021,59415,GB,22,A,D,N,0,0
180654,9082,1110,32634,1244,"Phillips, Patrick and Reed",9832,97695,GB,577,A,A,P,0,0
672883,9071,1061,68124,7634,Levine-Evans,9832,04243,GB,2093,D,D,M,0,0
541804,9008,1053,42815,5756,Kennedy LLC,1011,38975,GB,2272,D,D,N,0,1
132943,9006,1014,66039,5839,Fowler Group,9883,38311,GB,575,A,B,M,0,0
755040,9129,1024,25943,2455,"Lopez, Williams and Jensen",4050,92160,GB,833,C,A,M,0,0
589538,9008,1051,13835,4102,Hayes-Rogers,9832,35203,GB,739,A,A,P,0,0
331537,9052,1185,40811,4260,Berry LLC,4050,38953,GB,467,C,A,M,0,0
885734,9121,1180,56999,3781,Jenkins-Lucero,4050,64997,GB,1970,C,D,M,0,0
999923,9187,1104,24441,4588,Maynard-Green,1011,51973,GB,1686,D,D,P,1,1
479333,9078,1056,87671,6559,"Robinson, Mueller and Garner",4021,26491,GB,827,D,B,N,0,0
350071,9191,1052,28908,5993,"Whitaker, Lopez and Beasley",7383,63329,GB,2445,A,A,M,0,0
673427,9034,1035,46961,8604,Newman-Johnson,1011,30075,GB,219,B,D,M,1,1
950870,9084,1177,51448,7896,Werner Group,2333,23863,GB,2051,A,C,P,0,0
102423,9148,1022,01581,6452,Weeks PLC,2333,99727,GB,2255,D,B,M,0,0
404286,9197,1079,94429,6053,Stevens-Sherman,7383,22714,GB,1349,A,C,N,0,0
878419,9099,1050,37935,8292,Chandler-Myers,4050,47159,GB,612,D,D,P,0,0
312808,9075,1024,12787,2465,Stephens-Medina,9832,42026,GB,639,B,B,P,0,0
701580,9019,1188,68749,3422,"Sanchez, Good and Hart",2333,10743,GB,1432,B,A,N,0,0
389621,9153,1132,78767,9038,"Thornton, Rodriguez and Tucker",7383,74911,GB,527,B,C,M,0,0
107715,9020,1085,70651,3541,"Doyle, Underwood and Lee",2002,92393,GB,2190,C,B,N,0,0
505094,9181,1111,23167,2030,"Sharp, Carlson and Santana",2002,83639,GB,692,B,B,M,0,0
331195,9118,1134,20376,9218,Clark Inc,1011,60339,GB,790,C,A,N,0,1
810770,9194,1007,95829,9953,Howard-Diaz,2002,70616,GB,713,B,B,P,0,0
744174,9183,1100,65129,8898,"Barker, Marsh and Fisher",2002,74971,GB,360,C,B,M,0,0
916096,9041,1053,62778,3238,"Khan, Roberts and Fernandez",7383,29930,GB,2279,A,C,N,0,0
128491,9047,1199,29554,3967,"Nguyen, Sullivan and Miller",2002,64975,GB,1681,A,C,M,0,0
104610,9041,1018,58608,8181,Griffin-Martinez,7383,91076,GB,1875,A,C,M,0,0
528855,9104,1085,22449,8487,Wilkerson PLC,1011,26155,GB,644,D,A,P,1,1
562599,9149,1176,65415,8057,"Ross, Ray and Snyder",7383,98679,GB,59,B,B,N,0,0
223321,9029,1066,22824,5418,Smith-Richard,9883,79089,GB,2462,A,D,P,0,0
745020,9086,1073,06636,9116,"Travis, Valentine and Price",7383,89062,GB,903,C,A,P,0,0
739887,9050,1030,89064,9851,Ferguson Ltd,1011,26250,GB,1221,B,C,N,0,1
874715,9059,1149,16483,9894,Oliver-Lozano,4021,08154,GB,1546,C,C,M,0,0
971168,9128,1116,17357,8199,"Marshall, Ingram and Lucas",9832,71233,GB,1323,B,C,P,0,0
109069,9187,1029,68988,7026,Guerrero-Page,2002,70235,GB,780,C,B,N,0,0
300767,9163,1019,16391,8252,"Glover, Henderson and Williams",9883,41058,GB,287,A,D,N,0,0
497960,9165,1106,95197,1780,Rodriguez-Duncan,9832,53682,GB,1959,C,B,M,0,0
573864,9027,1155,59321,1547,Harris-Russell,4021,36005,GB,2200,A,B,P,0,0
667719,9147,1185,08068,7643,"Haley, Davenport and Chapman",4050,84015,GB,1761,D,D,N,0,0
485494,9112,1111,40148,1783,"Hicks, Harper and Davis",2002,73927,GB,2463,A,C,P,0,0
982336,9149,1138,73994,4843,"Welch, Moon and Morrison",7383,79066,GB,2374,D,A,M,0,0
638310,9038,1109,07557,3934,"Wilkins, Allen and Kelly",4021,30786,GB,2135,A,D,N,0,0
994349,9183,1165,89329,5113,"Todd, Rodriguez and Brown",4050,28280,GB,2067,A,B,P,0,0
375747,9179,1069,43677,5682,"Rhodes, Foster and Blackwell",2002,81557,GB,2346,B,D,P,0,0
670106,9061,1168,80850,6581,Cook PLC,9832,58518,GB,63,D,B,M,0,0
712175,9125,1096,35995,5765,Perez LLC,9883,67411,GB,1086,A,A,P,0,0
331154,9042,1013,61136,8811,Hart LLC,2002,04088,GB,437,D,A,N,0,0
814652,9139,1160,41604,6267,Howard-Rogers,1011,76751,GB,2489,A,B,P,0,1
545498,9019,1080,67446,8677,Cordova-Montoya,9832,37620,GB,2442,D,D,N,0,0
849959,9132,1186,30728,4896,Brown Inc,4021,23164,GB,93,B,A,M,0,0
589423,9089,1153,69800,2125,"Stone, Cisneros and Ramirez",4021,76208,GB,1227,D,A,P,0,0
298385,9185,1168,91146,8816,"Powell, Miller and Blake",2002,23962,GB,1471,B,C,M,0,0
946077,9196,1039,17584,4980,Wilkins PLC,2002,22782,GB,435,C,C,P,0,0
442729,9131,1004,10374,7974,"Smith, Dean and Brown",7383,58153,GB,435,A,C,P,0,0
626252,9178,1015,50714,3942,Gates-Collins,1011,24953,GB,61,D,D,M,0,1
813975,9162,1131,95446,4196,Davenport-Houston,7383,49528,GB,2402,A,D,M,0,0
154112,9136,1163,33454,5006,"Cooper, Drake and Jenkins",9883,45870,GB,1187,C,B,P,0,0
405407,9127,1037,35009,2383,Kelley-Marquez,9883,74911,GB,1872,D,A,P,0,0
465266,9060,1170,20511,4557,"Wilson, Washington and Cooper",7383,13574,GB,1972,C,B,P,0,0
145778,9074,1106,07146,9966,Torres-Valdez,9832,67026,GB,2180,B,A,N,0,0
902229,9186,1167,58447,1066,"Mccoy, Ramirez and Colon",4021,70956,GB,495,C,B,P,0,0
558324,9171,1060,49462,3227,"Newman, Smith and Lewis",7383,97544,GB,935,D,D,N,0,0
830616,9186,1094,76316,9890,Estrada Group,9883,38204,GB,1470,D,D,M,0,0
688464,9112,1103,39979,7230,Rowland-Richards,4050,69737,GB,240,B,D,P,0,0
605226,9090,1196,01328,6249,"Patterson, Chang and Hines",1011,16541,GB,257,D,A,P,0,1
464751,9188,1078,71794,2412,Smith-Bell,4021,69846,GB,947,D,C,N,0,0
582825,9110,1174,56264,6691,Fisher Group,7383,64282,GB,369,D,A,P,0,0
548140,9147,1032,95422,2089,"Johnson, Walker and Miles",2002,16292,GB,914,C,B,N,0,0
794404,9020,1017,76672,6707,"Underwood, Bishop and Conner",4050,88029,GB,379,B,A,M,0,0
533768,9013,1168,54770,7020,Evans Ltd,7383,64867,GB,1195,B,B,N,0,0
164521,9000,1132,44019,1236,Jennings-Gallegos,4050,51487,GB,1689,A,A,P,0,0
289318,9086,1030,78312,4222,Sandoval and Sons,7383,01699,GB,1082,A,A,P,0,0
961927,9068,1171,66490,3423,Bowers-Kelly,1011,44217,GB,1044,B,C,M,0,1
223642,9098,1149,20848,4796,Garner-Jones,1011,65266,GB,578,C,C,M,1,1
320297,9113,1104,40983,9539,Moore Group,9832,26070,GB,1182,B,A,M,0,0
369776,9065,1150,37151,3568,"Sparks, Simmons and Jennings",1011,13533,GB,1229,B,D,P,0,1
834088,9008,1104,03768,8830,Douglas Group,7383,76241,GB,640,A,D,N,0,0
535091,9105,1101,95147,2379,Perez-Kim,4021,64149,GB,1755,D,A,M,0,0
797553,9022,1031,43798,6841,Joseph-Ramirez,4050,22867,GB,2279,B,C,P,0,0
809081,9174,1141,89692,9772,"Taylor, Ortiz and Evans",4021,52453,GB,2118,C,A,M,0,0
226006,9149,1060,88786,9265,Howard-Williams,2002,32966,GB,690,A,C,M,0,0
336163,9156,1060,20744,6209,Perez-Hines,7383,79293,GB,77,A,A,N,0,0
535062,9101,1155,68344,7166,"Wilson, Phillips and Greene",7383,99376,GB,562,A,C,N,0,0
191284,9109,1029,88505,3723,Hunt-Lee,9832,25524,GB,767,D,C,P,0,0
978869,9150,1049,79551,2484,Yoder and Sons,9832,31960,GB,1115,C,C,P,0,0
331316,9121,1183,56445,9343,Rose PLC,2002,79510,GB,1,A,A,P,0,0
440719,9157,1059,59812,9698,Scott LLC,4021,18258,GB,2238,A,A,P,0,0
712984,9134,1069,98616,6128,"Barton, Bennett and Clark",9832,43830,GB,1582,D,D,N,0,0
481750,9146,1076,80535,6619,"Brown, Meyers and Haynes",7383,37290,GB,2064,D,C,N,0,0
851249,9185,1119,56511,9465,Frank Ltd,7383,21915,GB,2053,D,B,M,0,0
166552,9110,1091,01020,8512,Cooper-Washington,2002,76789,GB,56,D,D,M,0,0
396416,9197,1041,01086,7831,Blankenship-Newton,2002,11221,GB,1161,B,C,N,0,0
888776,9122,1090,59770,8626,Maldonado and Sons,9832,19945,GB,1673,D,A,M,0,0
392681,9045,1086,45127,5631,"Mcconnell, Lawson and Pena",2333,10538,GB,1989,C,D,M,0,0
106651,9127,1110,89991,9157,Patton-Ayers,7383,11365,GB,2015,B,B,N,0,0
563573,9146,1161,49017,4343,"James, Levy and Lozano",2333,85564,GB,1552,A,B,P,0,0
157816,9179,1049,30923,7110,"Kidd, Morris and Randall",2333,57088,GB,1005,C,D,P,0,0
151391,9175,1036,36769,9418,Hurley-Keith,9832,78024,GB,1390,D,D,N,0,0
546079,9042,1174,04692,9732,"Bailey, Blankenship and Phillips",2002,35168,GB,2430,B,C,M,0,0
281064,9055,1131,92284,3903,Oneill-Bullock,2333,90256,GB,1876,C,B,P,0,0
158902,9061,1192,87103,5735,Smith-Clarke,7383,70949,GB,1911,D,C,M,0,0
187273,9176,1018,78594,5980,Black-Murray,4021,54908,GB,896,D,C,P,0,0
880884,9056,1021,55795,3894,Brown-Gay,4021,81813,GB,1598,A,D,N,0,0
816044,9175,1016,06642,3677,Young Inc,1011,50141,GB,254,D,A,N,1,1
159976,9033,1057,08180,1845,Carey LLC,2333,13913,GB,1915,C,C,M,0,0
167163,9145,1090,21534,4740,Rivera-Robinson,2333,43584,GB,582,A,C,N,0,0
195570,9099,1125,92904,6511,Adams Ltd,7383,70465,GB,16,D,C,M,0,0
268796,9060,1083,83909,1983,Gilbert and Sons,7383,69285,GB,96,A,D,M,0,0
528644,9144,1032,42253,6533,"Walker, Montgomery and Reid",9832,68482,GB,1221,A,C,M,0,0
554159,9114,1065,08056,7462,James PLC,4021,44315,GB,506,D,A,M,0,0
101465,9157,1094,82519,4945,"Young, Smith and Vasquez",1011,10530,GB,1875,B,C,N,1,1
820454,9006,1009,55255,8989,Knight-Thomas,2002,41798,GB,1701,D,D,N,0,0
561728,9035,1095,43355,5701,"Henry, Jones and Russo",1011,59736,GB,2230,B,D,P,0,1
365893,9096,1084,69799,5527,Avila-Riddle,9883,06488,GB,1651,C,D,P,0,0
655317,9084,1100,74170,2760,Ward Group,9832,82027,GB,206,D,C,N,0,0
970919,9110,1096,03721,6949,Pena-Martin,4050,53164,GB,1690,D,B,N,0,0
745024,9008,1137,61736,7956,Wood-Becker,4021,67564,GB,401,D,C,P,0,0
108674,9003,1154,88122,5667,"Ellis, Rice and Gomez",2333,69991,GB,2429,B,C,N,0,0
858170,9104,1128,02497,4298,Murphy-Lopez,4050,21435,GB,1449,D,D,M,0,0
451208,9145,1105,61694,9664,"Hernandez, Hickman and Lee",9883,20117,GB,1240,B,C,P,0,0
774578,9185,1159,43546,2644,"Romero, Salinas and Wagner",2002,43214,GB,2072,D,A,N,0,0
773416,9081,1009,03905,9497,Anderson Ltd,2333,72022,GB,363,A,D,N,0,0
194884,9032,1190,71010,1404,Houston Ltd,9832,90604,GB,1477,A,B,M,0,0
623831,9152,1178,19814,8345,Kelley-Lloyd,2002,26544,GB,1139,B,D,P,0,0
337025,9049,1019,92695,7708,Poole Inc,7383,74095,GB,1387,B,A,N,0,0
107040,9073,1168,73782,9484,Miller Ltd,4050,42538,GB,404,D,D,P,0,0
731840,9103,1030,65306,6658,"Kennedy, Miller and Perkins",9883,37556,GB,325,C,A,N,0,0
987595,9002,1099,08152,6238,Carr Ltd,9883,08774,GB,1958,C,B,P,0,0
578150,9149,1083,81371,1876,"Vance, Kelly and Simmons",4021,59264,GB,2380,C,C,N,0,0
568056,9104,1000,30942,4565,Moore-Richardson,4050,91216,GB,1309,C,C,M,0,0
390568,9170,1007,51007,5761,Jackson-Orr,9883,64302,GB,2441,C,B,N,0,0
246129,9050,1162,41600,6650,"Johnson, Walker and Burns",2333,15687,GB,2300,D,A,N,0,0
139735,9057,1128,66862,1148,Humphrey Group,1011,02472,GB,1511,B,D,N,1,1
515629,9107,1186,45124,4104,Brown-Kennedy,7383,03769,GB,1451,C,B,N,0,0
856240,9142,1097,48356,1884,Chung Group,4021,16743,GB,738,A,B,N,0,0
745357,9154,1035,19165,5562,Jones Inc,7383,71099,GB,1436,A,B,P,0,0
544696,9180,1168,97690,3547,"Rivera, Livingston and Dominguez",1011,74144,GB,430,C,A,P,0,1
782203,9037,1097,82080,9731,Bowen Ltd,2333,93957,GB,481,C,D,P,0,0
363206,9199,1013,86165,8192,"Martin, Wright and Forbes",4050,01699,GB,1073,B,B,N,0,0
737001,9176,1029,91666,1162,Brady-Torres,9832,01722,GB,426,A,A,M,0,0
469204,9023,1113,38160,8443,Jacobson-Romero,9832,86244,GB,297,C,B,M,0,0
668890,9179,1026,91852,9493,"Martin, Long and Moore",2002,78359,GB,556,A,B,N,0,0
467965,9007,1010,84821,4734,Hanson and Sons,1011,21022,GB,885,B,A,M,1,1
219223,9192,1052,62479,7911,Sullivan-Weber,1011,74008,GB,734,C,B,N,0,1
461680,9085,1128,64486,8563,"Olson, Petersen and Black",2333,21104,GB,820,B,A,N,0,0
731080,9197,1024,22765,1400,"Wagner, Hernandez and Williams",7383,10090,GB,2056,C,A,P,0,0
575669,9002,1188,38340,7288,Ellison LLC,9832,48431,GB,40,B,B,N,0,0
740947,9160,1079,60065,1527,"Curtis, Hodges and Allen",2333,86844,GB,985,C,B,N,0,0
675811,9037,1008,54266,1096,Poole-Cardenas,4021,45052,GB,1254,C,D,N,0,0
788139,9001,1142,00825,4596,"Jensen, Stephenson and Smith",4021,24187,GB,119,A,C,P,0,0
143627,9126,1121,92272,1921,"Holland, Knight and Marks",7383,55791,GB,1594,B,D,P,0,0
671701,9081,1117,31108,1561,Mcmillan-Ortega,9883,83887,GB,1906,A,B,P,0,0
270399,9041,1024,93191,5099,George Ltd,9832,86857,GB,2280,C,C,N,0,0
131068,9107,1134,69683,5389,Proctor and Sons,4021,44845,GB,1839,A,B,P,0,0
772887,9092,1058,70227,4687,Mills-Torres,9832,31258,GB,1795,A,A,M,0,0
322958,9051,1149,22972,4348,Stephenson LLC,9883,18161,GB,1050,D,D,P,0,0
392872,9054,1004,53045,3497,"Collins, Reeves and Barnes",4021,03878,GB,1618,C,B,P,0,0
327174,9117,1112,16226,8486,Cline and Sons,4021,86585,GB,1387,D,B,N,0,0
755305,9145,1094,96724,1274,Rose-Estrada,4050,91057,GB,770,A,B,P,0,0
967180,9047,1200,86798,5316,Chambers-Stone,1011,28425,GB,2489,B,B,M,1,1
539248,9096,1183,60141,1625,Smith Ltd,2002,09938,GB,453,A,D,P,0,0
552679,9191,1122,12801,8841,"Powell, Parsons and Kelly",9883,79030,GB,2360,B,B,M,0,0
809234,9156,1129,83722,8790,"Herrera, Conner and Burns",4021,92123,GB,767,B,D,M,0,0
829195,9128,1130,35820,4259,Horton Group,4021,56660,GB,2382,C,A,P,0,0
748646,9019,1083,05628,9732,"Hansen, Anderson and Morgan",2333,98018,GB,2120,D,A,M,0,0
335697,9094,1200,79699,2026,Wright Group,4021,39560,GB,2198,A,D,M,0,0
769755,9099,1172,85189,3892,"Contreras, Soto and Reid",9883,37484,GB,379,B,D,P,0,0
684346,9194,1001,55715,2691,Lee LLC,2002,52246,GB,1668,D,B,P,0,0
380043,9122,1061,41125,5315,"King, Watson and Fields",7383,46129,GB,1632,B,D,N,0,0
243476,9013,1081,56240,6211,Evans-Johnson,9832,98171,GB,1007,C,C,M,0,0
851703,9064,1025,61052,2273,"White, Collins and Larsen",4050,44221,GB,932,A,B,P,0,0
289681,9168,1022,01479,4271,Lyons Ltd,2002,21626,GB,2384,A,D,M,0,0
864987,9152,1103,59110,5674,"Foster, Young and Stark",4021,57913,GB,576,C,B,N,0,0
458354,9026,1023,21488,7647,"Marsh, Jackson and Taylor",9832,11028,GB,468,D,A,P,0,0
450195,9198,1162,02113,9231,Taylor LLC,2002,03929,GB,1095,A,B,N,0,0
235941,9018,1098,86371,5526,Contreras-Hernandez,4050,21247,GB,1720,B,C,N,0,0
976638,9142,1049,56112,3729,Williams-Gill,7383,26832,GB,2491,B,B,M,0,0
523396,9054,1192,99422,7019,"Smith, Thomas and Bowman",9832,49248,GB,1925,D,A,P,0,0
236622,9127,1195,07363,6749,Burke and Sons,4021,89604,GB,176,D,B,N,0,0
586583,9013,1091,98487,9467,"Joseph, Roberts and Barrett",1011,52650,GB,1845,D,A,P,1,1
703705,9042,1197,74645,1463,Hill PLC,2333,60125,GB,738,B,C,M,0,0
843139,9073,1142,33609,1662,Ford and Sons,9883,74290,GB,127,C,D,P,0,0
115596,9006,1178,71321,6369,Flores-Richards,2333,01847,GB,827,C,D,N,0,0
769427,9111,1089,09158,4498,Davis-Anderson,2002,20711,GB,2489,D,B,P,0,0
204741,9135,1165,76153,2815,Roberts Group,2333,90820,GB,1667,B,C,N,0,0
550660,9132,1022,24613,5585,Cantrell-Alvarado,9883,06150,GB,1318,A,D,P,0,0
709808,9106,1068,72451,6052,Marsh PLC,1011,67901,GB,1895,D,D,M,0,1
835423,9022,1012,77692,9364,Bullock and Sons,9832,22835,GB,598,A,C,P,0,0
906313,9043,1173,38964,6462,Johnson-Kaiser,4021,88078,GB,2271,A,D,M,0,0
923226,9168,1061,15663,7113,"Rodriguez, Campbell and Wang",9883,49871,GB,1928,D,C,M,0,0
698302,9155,1037,52014,4152,Meyer-Walker,9883,22161,GB,1868,A,D,M,0,0
885759,9106,1068,72980,5648,"Medina, Garza and Barker",2333,00883,GB,1549,D,B,P,0,0
660014,9188,1084,07522,8602,Salinas PLC,7383,59278,GB,877,B,B,P,0,0
826588,9063,1119,97718,8222,"Randolph, Thompson and Meyers",2333,96038,GB,926,C,C,N,0,0
624134,9088,1035,36243,9440,Gonzalez-Sloan,9883,70645,GB,2094,B,B,N,0,0
509470,9096,1012,26380,1200,Patel-Woodward,9832,59220,GB,1012,D,C,N,0,0
894522,9191,1198,16624,6184,Davila Group,9832,13973,GB,326,D,B,M,0,0
747555,9083,1174,56609,3739,Ho-Smith,1011,66432,GB,458,A,B,M,0,1
726208,9158,1140,83778,1652,"Shah, Lawrence and Burke",4021,16200,GB,514,D,C,P,0,0
917892,9135,1096,74309,7582,"Lambert, Weaver and Brooks",7383,22754,GB,791,A,C,P,0,0
688109,9087,1072,62492,2349,Hill-Flowers,1011,64473,GB,2146,B,C,N,0,1
150829,9042,1089,07646,6211,"Brown, Arroyo and Nelson",9832,22549,GB,1604,B,B,N,0,0
805236,9137,1093,86462,4155,Sawyer-Burns,9883,48477,GB,1879,A,A,P,0,0
584609,9069,1092,90347,6857,Guerrero-Sellers,9883,81612,GB,1068,B,B,P,0,0
512986,9159,1015,25222,9484,"Wood, Carter and Anderson",2002,81212,GB,1959,C,B,M,0,0
686584,9009,1135,96332,5477,Estes Inc,2002,58813,GB,276,D,D,M,0,0
327110,9110,1102,21048,7796,"Brown, King and Herman",4050,20469,GB,1899,B,D,P,0,0
443396,9155,1053,65284,5092,Kelly LLC,1011,07684,GB,2206,B,B,N,1,1
953728,9026,1140,23624,7833,Sandoval-Savage,4050,77238,GB,1099,B,B,M,0,0
326300,9097,1053,67495,7139,Higgins-Kirby,9832,86299,GB,2261,D,D,P,0,0
310363,9168,1132,50277,1233,Adams Inc,7383,41676,GB,564,A,A,N,0,0
251219,9027,1179,30639,2245,Lopez Ltd,4021,96461,GB,1572,A,D,N,0,0
336465,9059,1195,12281,3701,Jones-Chapman,9883,41523,GB,1047,A,D,P,0,0
898650,9070,1197,73131,8866,"Blair, Vasquez and Galvan",1011,07238,GB,2336,C,D,M,0,1
991025,9053,1053,54954,1254,"James, Clark and Rogers",9883,88759,GB,2200,C,C,P,0,0
827405,9063,1044,65423,4816,Matthews-Hernandez,9832,04027,GB,27,C,D,N,0,0
935841,9145,1165,34332,8026,Wilson-King,4050,23928,GB,2474,D,A,M,0,0
619659,9043,1068,80026,8947,Rojas-Green,4021,72556,GB,1698,B,A,N,0,0
913730,9168,1057,79180,7679,Robles-Hartman,4021,75296,GB,1502,A,B,P,0,0
340748,9062,1006,62154,2674,"Ingram, Riley and Hunt",4050,72623,GB,2228,B,D,N,0,0
431099,9066,1088,14107,5962,Snyder-Garrett,7383,23716,GB,293,B,B,N,0,0
234855,9058,1044,55780,5875,"Martin, Young and Martin",4021,12013,GB,2333,A,B,N,0,0
402476,9126,1076,60593,5894,"Ward, Gilbert and Walker",2002,28325,GB,749,B,D,M,0,0
956946,9163,1180,11736,6392,Roberts PLC,7383,03733,GB,1525,B,A,P,0,0
203228,9188,1114,23890,3828,Knight Ltd,2333,63740,GB,789,A,C,M,0,0
590798,9130,1033,78807,1903,Brown-Hall,1011,92430,GB,2038,B,A,P,1,1
532960,9183,1090,03085,7133,"Martin, Sanchez and Jimenez",9883,86650,GB,1400,D,B,N,0,0
691064,9042,1051,19770,8515,Avila Inc,2333,43964,GB,1527,D,A,N,0,0
917429,9192,1040,76049,3808,Mckinney-Gonzales,4050,57422,GB,1691,B,B,M,0,0
738873,9090,1066,22370,6534,"Rivera, Patterson and Jackson",4050,31558,GB,2396,B,A,P,0,0
457485,9111,1182,34046,9668,Brown-Martin,4021,76922,GB,796,B,D,M,0,0
755360,9085,1067,93615,1809,Jimenez PLC,2333,05156,GB,364,A,A,P,0,0
991242,9126,1159,96990,8674,Salinas LLC,4021,89556,GB,1429,C,C,N,0,0
859813,9088,1042,91125,2376,"Turner, Norton and Contreras",2002,07137,GB,1670,B,D,P,0,0
767523,9071,1163,39930,7287,Jones-Solis,2002,62505,GB,1613,D,A,P,0,0
954025,9032,1033,82589,7650,Gregory-Mann,9832,34497,GB,2217,C,B,M,0,0
955748,9116,1093,91046,3144,Anderson Group,4021,57056,GB,1063,A,A,N,0,0
445943,9141,1113,90152,9402,Wilson-Rodgers,2002,11088,GB,1042,A,A,M,0,0
371010,9008,1128,04519,2361,Gomez Group,4050,33106,GB,711,A,D,N,0,0
579420,9166,1104,79866,3758,Williams-Leonard,2002,79505,GB,819,C,D,M,0,0
421793,9192,1097,18889,7081,Sharp-Berry,4050,06219,GB,993,A,A,M,0,0
294778,9055,1049,66288,8292,"Dickson, Bryan and Johnson",2333,94184,GB,1702,B,B,P,0,0
189517,9192,1101,31319,5494,Richardson-Bennett,4021,38871,GB,1059,C,D,M,0,0
120632,9121,1047,54038,5573,"Hill, Hester and Daniels",9832,04600,GB,1969,B,B,P,0,0
936440,9161,1125,40342,1297,"Thomas, Jacobson and Giles",4050,61517,GB,1772,D,B,M,0,0
811159,9144,1061,60696,5795,Barnes Ltd,9883,40927,GB,432,D,C,N,0,0
177736,9016,1108,53190,7800,"Lambert, Dean and Lewis",7383,26892,GB,2424,D,A,N,0,0
485589,9122,1072,74332,7747,Gamble LLC,4021,60615,GB,1405,B,B,N,0,0
558333,9022,1030,43414,6490,Stephens Ltd,2333,12297,GB,35,C,B,P,0,0
773060,9022,1113,80708,8279,Harris and Sons,4021,53203,GB,428,B,D,M,0,0
466807,9091,1041,37053,2563,"Roberts, Snyder and Webster",9832,26402,GB,231,D,B,N,0,0
318856,9168,1142,25220,9276,"Richardson, Griffith and Bell",2002,84642,GB,1205,A,C,N,0,0
388529,9160,1151,27904,1134,Curtis Ltd,9832,91417,GB,951,B,D,P,0,0
810814,9059,1194,37407,8778,"Mcneil, Fernandez and Cuevas",9883,45740,GB,2419,B,C,M,0,0
583347,9160,1172,18088,2720,"Hardin, Gardner and Howard",4021,63764,GB,2143,C,D,N,0,0
809191,9122,1106,08954,4076,White-Miller,2002,86321,GB,562,C,A,N,0,0
638666,9048,1157,27317,6544,Roberts PLC,4050,63078,GB,1592,B,A,M,0,0
498977,9035,1037,05005,1259,"Johnson, Cook and Schneider",2002,67509,GB,1474,C,B,P,0,0
707667,9156,1084,10436,5736,Norris-Mann,7383,54723,GB,1220,B,B,M,0,0
508603,9152,1195,28762,5275,Lee Group,9832,64416,GB,2105,C,C,N,0,0
962368,9183,1099,20491,2259,Jones LLC,4021,97148,GB,1969,A,D,M,0,0
526715,9132,1035,70402,7833,Roberts Group,1011,11602,GB,1861,D,A,P,0,1
992039,9150,1108,56209,6361,Fitzgerald-Jordan,4050,50210,GB,1246,B,B,P,0,0
924793,9017,1198,63622,9529,Lester-Chang,2002,77592,GB,757,D,B,P,0,0
697945,9068,1050,35988,1154,"Park, Deleon and Cole",4050,04159,GB,38,B,C,N,0,0
264238,9064,1117,97730,9607,"Wu, Hubbard and Garner",1011,72851,GB,1266,C,A,N,0,1
613583,9074,1079,44389,1771,Hamilton and Sons,1011,62309,GB,230,D,C,N,1,1
567128,9157,1018,21034,2659,Olson-Simmons,7383,30243,GB,1307,B,A,P,0,0
101126,9064,1095,86121,9002,Nelson Ltd,2002,10669,GB,1230,B,A,M,0,0
303279,9124,1163,31868,2280,"Leach, Russell and Kirk",2333,67423,GB,1822,C,D,P,0,0
648160,9187,1172,28313,7643,Cooper Group,4021,06422,GB,87,C,C,N,0,0
929267,9163,1075,43132,6509,Lane Inc,1011,45717,GB,1373,C,C,M,0,1
706261,9086,1100,98461,2818,Hale-Weaver,9883,23333,GB,675,B,C,P,0,0
260963,9063,1011,50696,2463,Figueroa-Harding,4050,71716,GB,608,A,B,M,0,0
280479,9191,1015,01727,6657,"Ward, Marsh and Ramos",4021,38355,GB,1071,D,B,N,0,0
980103,9166,1193,96223,7740,Rose-Russell,9832,23487,GB,2083,A,C,M,0,0
504858,9101,1149,15322,4610,Kirby-Tucker,2002,65983,GB,242,C,B,M,0,0
641962,9062,1077,66447,2989,Mcgee Ltd,2333,75729,GB,298,D,C,N,0,0
813888,9172,1150,94891,1593,Alexander PLC,7383,78114,GB,1420,C,D,P,0,0
264093,9096,1072,00753,8886,Smith-Taylor,4021,36986,GB,2255,C,A,P,0,0
647631,9104,1028,13318,7638,"Bradford, Scott and Kelly",2002,44615,GB,459,A,A,M,0,0
246638,9068,1071,49897,1334,"Gentry, Skinner and Ayala",2333,82040,GB,2058,C,D,M,0,0
512125,9037,1044,94021,6379,"Williams, Summers and Robinson",9883,75681,GB,1835,A,B,P,0,0
947492,9142,1152,58527,3770,"Wilson, Diaz and Schwartz",4050,68512,GB,915,B,A,M,0,0
307488,9086,1093,89296,9199,Cox Group,2002,19127,GB,456,D,D,N,0,0
990444,9116,1138,66620,7472,Hill-Moran,9832,42089,GB,641,D,B,P,0,0
133049,9062,1122,03085,6573,Smith-Hurley,1011,50701,GB,530,A,C,M,0,1
938161,9079,1028,66153,3339,Morris Inc,7383,70419,GB,569,B,C,P,0,0
749206,9181,1004,87696,2161,"Bishop, Fletcher and Melton",9832,71194,GB,281,D,B,P,0,0
361899,9193,1147,34716,7016,Mullins-Jones,2002,76880,GB,651,C,C,N,0,0
425955,9140,1043,93600,4427,Owens Group,2002,21335,GB,586,D,C,P,0,0
740933,9055,1123,95668,3529,Rodriguez-Brown,4050,35743,GB,2068,B,D,N,0,0
423990,9176,1182,17022,3062,Thompson and Sons,4021,28238,GB,349,C,B,N,0,0
311067,9024,1066,45243,6601,"Russell, Lindsey and Patel",4050,72612,GB,2094,A,C,P,0,0
999023,9169,1118,77571,2513,Edwards and Sons,9832,89480,GB,255,D,B,N,0,0
960905,9088,1130,36279,3539,"French, Guzman and Cox",2333,71297,GB,714,D,A,M,0,0
958586,9167,1177,57742,1039,"Moore, Glass and Nelson",9832,19867,GB,1404,A,B,M,0,0
820873,9132,1085,77188,2909,Page-Chen,7383,78176,GB,2496,A,D,P,0,0
617817,9092,1199,31261,6414,Webb-Evans,1011,77695,GB,1591,C,C,P,1,1
847063,9170,1139,19610,8473,Butler Group,4021,04664,GB,1568,A,B,N,0,0
513829,9158,1152,67513,5519,Palmer Ltd,2333,52270,GB,2463,D,D,N,0,0
953274,9196,1186,22689,6549,Horton Group,7383,86903,GB,1581,C,C,M,0,0
823535,9095,1072,27242,7384,Williams-Smith,7383,93216,GB,1068,C,B,N,0,0
374522,9007,1058,52993,8993,Mclaughlin Inc,9883,95973,GB,1992,C,C,N,0,0
177176,9047,1052,81659,5691,Mckinney and Sons,2333,40977,GB,1151,A,B,N,0,0
151060,9152,1028,25022,5851,Roy PLC,1011,83039,GB,47,A,A,N,1,1
569423,9146,1194,13093,7905,"Walker, James and Pacheco",4021,55313,GB,2448,A,A,N,0,0
201297,9016,1167,37089,1656,"Smith, Ford and Gillespie",9832,55325,GB,781,C,C,M,0,0
234336,9143,1153,88311,8814,Watkins-Duarte,9883,05299,GB,1979,D,D,M,0,0
427712,9106,1079,98710,5482,Sanders-Spencer,4021,42849,GB,220,B,D,P,0,0
244341,9170,1123,92516,6150,"Kelley, Jackson and Burns",4021,97217,GB,2014,C,C,M,0,0
191137,9114,1059,93242,3992,Stewart-Brooks,7383,47679,GB,568,D,A,P,0,0
635899,9106,1197,43087,9136,Davis PLC,7383,43778,GB,2174,D,C,N,0,0
156128,9037,1074,30084,8460,Thompson PLC,2333,30213,GB,1588,B,D,M,0,0
418920,9135,1025,22541,8720,Davis LLC,9883,78653,GB,1795,B,B,M,0,0
195244,9029,1113,19569,8524,Marshall-White,2002,51434,GB,1671,B,A,P,0,0
613154,9137,1052,89632,6257,Diaz Ltd,4050,68656,GB,1342,B,B,M,0,0
691543,9170,1030,26853,5214,Wilson-Bond,1011,84654,GB,630,B,C,N,1,1
472243,9022,1025,19345,8412,Long-Nguyen,9883,90536,GB,2361,A,A,M,0,0
473634,9072,1071,56897,5184,Arellano-Reed,2333,17085,GB,859,A,D,M,0,0
183421,9057,1151,93983,7196,Weber-Gregory,4021,86761,GB,656,A,C,P,0,0
400525,9070,1096,94368,1805,Bautista-Evans,7383,32853,GB,855,B,A,P,0,0
100117,9049,1072,84914,6491,"Taylor, Davis and Jones",2333,07151,GB,2326,D,B,N,0,0
588758,9178,1074,90822,4710,Wiley-Mccarty,1011,81123,GB,1938,A,D,P,1,1
105988,9119,1017,01780,3424,"Knapp, Sanchez and Brewer",4021,99476,GB,1757,C,B,N,0,0
753331,9179,1124,88283,9569,"Campos, Perez and Boyd",4021,06735,GB,846,A,B,N,0,0
771339,9171,1140,95637,2145,Edwards Ltd,4021,00603,GB,1540,A,C,N,0,0
645044,9062,1191,54157,4988,Quinn PLC,2002,86480,GB,893,B,C,N,0,0
290626,9074,1005,18194,7913,"Glass, Thomas and Hines",2333,47790,GB,874,C,D,N,0,0
307639,9132,1152,13407,9599,Davis-Hicks,7383,25505,GB,531,A,C,P,0,0
511880,9191,1087,59178,5913,"Forbes, Morales and Walker",7383,39937,GB,1603,A,A,N,0,0
688296,9044,1008,43703,3492,"Morris, Jordan and Estes",2333,45532,GB,2131,D,C,N,0,0
768464,9096,1100,91335,1400,"Owens, May and Knight",7383,84901,GB,1266,A,B,P,0,0
465239,9160,1094,68910,8419,Jones Group,1011,40876,GB,1870,A,D,N,1,1
402921,9079,1102,08659,3771,Hamilton and Sons,4021,43496,GB,2079,B,D,P,0,0
182864,9173,1168,35358,5547,"Bonilla, Stevenson and Thomas",1011,07072,GB,2021,C,D,P,0,1
859945,9199,1169,13853,2188,Krause-Morgan,4021,55303,GB,1077,A,B,N,0,0
416813,9136,1017,01227,5335,Fox PLC,7383,52639,GB,2067,B,B,N,0,0
588646,9077,1082,17393,5467,Douglas-Brooks,7383,22679,GB,1892,A,C,P,0,0
398608,9075,1190,47621,1625,Fleming Inc,2002,70823,GB,116,C,D,N,0,0
424841,9068,1071,38820,4671,Meyer LLC,9883,27785,GB,1474,C,D,M,0,0
580542,9048,1022,19942,5660,"Fox, Schroeder and Dominguez",4050,09296,GB,1697,C,C,P,0,0
425608,9095,1127,76578,6849,Mcclain Ltd,7383,29999,GB,1020,B,A,P,0,0
236131,9029,1113,01312,9656,Gallegos-Navarro,2002,38153,GB,1384,A,D,M,0,0
793881,9013,1144,66340,6051,Flores-Neal,4021,67837,GB,643,C,A,P,0,0
339180,9097,1027,88893,6259,Carlson Inc,1011,44941,GB,103,D,B,N,1,1
927011,9034,1198,23326,5693,Bates and Sons,2333,18369,GB,2137,B,B,M,0,0
451460,9023,1172,43437,2336,"Johnson, Krause and Lewis",9883,47120,GB,346,A,B,N,0,0
815590,9124,1096,92285,1200,"Stephens, Barker and Young",4050,78114,GB,1854,A,A,N,0,0
293937,9173,1159,40156,4350,Robinson LLC,4021,59052,GB,1755,D,A,M,0,0
118806,9140,1153,71981,3894,Reese Group,1011,25726,GB,1883,B,A,P,0,1
810067,9042,1067,29189,3868,Rios-Richardson,1011,14301,GB,595,C,D,P,1,1
188093,9138,1032,26021,5945,"Richardson, Aguilar and Taylor",9883,87845,GB,945,B,B,N,0,0
355737,9144,1005,60057,2645,"Henry, Sanchez and Jones",4021,36992,GB,2218,A,B,P,0,0
830249,9067,1133,64418,7827,"Key, Ray and Lane",7383,68793,GB,1401,C,B,N,0,0
331436,9106,1153,55041,6212,Pearson Ltd,2002,69772,GB,1928,B,D,N,0,0
837195,9173,1087,36946,4414,Lane-Johnson,9832,36309,GB,567,A,A,N,0,0
172488,9048,1195,67346,1418,Franco-Allen,4050,56449,GB,782,A,B,P,0,0
422599,9084,1145,80178,2796,Whitehead and Sons,2333,88560,GB,679,A,A,P,0,0
164814,9014,1185,09445,7946,"Turner, Richard and Davis",2002,62389,GB,1058,A,D,N,0,0
352226,9115,1016,95487,9759,Mclaughlin and Sons,2333,29179,GB,1368,A,A,M,0,0
632433,9061,1076,24437,6573,Smith-Dixon,1011,59020,GB,2136,D,D,P,1,1
922034,9008,1081,75320,6002,"Kelly, Gaines and Alvarez",9883,89791,GB,2233,A,B,N,0,0
963415,9020,1025,91747,4177,"Baldwin, Klein and Weiss",2333,09923,GB,469,B,D,M,0,0
196956,9089,1067,57836,2894,"Schwartz, Weaver and Caldwell",4021,93200,GB,1405,C,D,P,0,0
462263,9161,1044,99438,6948,Adkins-Murphy,7383,48903,GB,1869,B,D,P,0,0
177800,9190,1039,38917,1336,Turner Group,9832,17130,GB,1559,B,D,M,0,0
701580,9038,1164,70263,4825,"Smith, Vazquez and Moyer",2333,16787,GB,82,D,B,N,0,0
754524,9101,1170,01469,9984,Rodriguez-Lawrence,4021,44247,GB,643,D,C,P,0,0
441949,9197,1162,93733,3910,Gomez Ltd,4021,41089,GB,1740,D,B,P,0,0
729357,9072,1121,46561,6060,"Robinson, Little and Benjamin",9832,64093,GB,2433,A,C,P,0,0
249204,9164,1193,52583,2414,Johns-Hurley,2333,34789,GB,2013,D,D,P,0,0
407387,9129,1137,63669,1744,Deleon-Tran,2002,81048,GB,2424,B,A,P,0,0
907696,9114,1137,53594,4374,"Garrison, Dickson and Davis",2002,66402,GB,1118,B,A,N,0,0
414949,9034,1080,05400,4118,Johnson-Garrison,9832,43407,GB,2119,B,B,P,0,0
841850,9086,1068,48186,1791,Carpenter Group,4021,52055,GB,402,A,A,P,0,0
673836,9053,1106,46672,6496,Cunningham Group,2002,58888,GB,2107,A,C,N,0,0
721040,9121,1102,47347,4952,Espinoza Ltd,7383,94033,GB,600,A,C,N,0,0
365000,9052,1100,21080,7195,Gonzalez-Hunt,1011,23866,GB,759,D,C,N,1,1
775992,9129,1045,33339,5806,Beck-Oneill,7383,26885,GB,137,D,C,N,0,0
546083,9023,1052,34019,1792,Rhodes-Turner,7383,23016,GB,1005,B,C,M,0,0
207125,9145,1032,27310,8221,Schmitt and Sons,2333,80809,GB,1340,A,C,P,0,0
929226,9100,1075,92252,1840,Reyes Inc,2002,97405,GB,56,A,D,P,0,0
292107,9129,1186,71629,7217,Harmon LLC,4050,00599,GB,1924,C,D,N,0,0
789298,9076,1099,44285,3512,Sweeney-Martinez,4021,96303,GB,1565,B,B,M,0,0
830199,9177,1188,59394,6309,Hines-Horton,9832,55100,GB,85,D,D,P,0,0
679659,9118,1067,58710,7455,Morgan PLC,2333,32800,GB,723,D,D,P,0,0
668116,9184,1177,02248,9744,"Campos, Owens and Ray",2002,14817,GB,155,D,C,P,0,0
428565,9057,1050,73239,8821,Cummings-Yates,9832,44737,GB,17,C,C,N,0,0
911862,9108,1131,66840,1821,Booker-Lopez,1011,84063,GB,1479,A,C,P,1,1
865202,9051,1112,17482,2354,"Turner, George and House",9832,64269,GB,1624,B,B,N,0,0
597278,9062,1179,18400,2195,"Watts, Williams and Carlson",9883,88279,GB,946,D,B,P,0,0
153622,9079,1041,00516,9140,Johnson-Murray,9883,71564,GB,2214,A,B,P,0,0
442576,9154,1135,16506,8830,Chapman-Conner,4021,54780,GB,950,B,D,P,0,0
732328,9006,1023,31473,7529,Shah and Sons,9883,46941,GB,903,B,C,P,0,0
262557,9118,1148,46215,2904,"Garcia, Nolan and Miller",1011,20251,GB,821,B,C,N,0,1
347591,9117,1031,35847,2142,Jackson-Clark,4021,82116,GB,2009,C,B,M,0,0
693117,9005,1130,74426,9103,"Harper, Oneill and Nelson",7383,32540,GB,620,A,A,M,0,0
759150,9039,1171,54605,2312,George and Sons,9883,54287,GB,1039,B,C,P,0,0
956665,9048,1187,31532,1558,Cooper-Garcia,9883,02131,GB,237,A,B,N,0,0
845567,9140,1047,28760,6456,"Horton, Torres and Long",4050,88673,GB,1814,C,B,M,0,0
903159,9090,1156,46125,9007,Rivera-Clark,7383,46043,GB,212,B,C,M,0,0
594811,9096,1131,24285,7760,"Smith, Taylor and Brown",1011,70951,GB,1237,A,B,P,1,1
346486,9009,1037,92242,3555,Brooks-Hall,4050,35344,GB,1555,C,A,P,0,0
522631,9123,1061,77946,9271,Johnson-Smith,9883,45211,GB,1223,C,D,M,0,0
165140,9007,1057,13803,4579,"Jackson, Clark and Davis",9832,48226,GB,618,A,C,M,0,0
959716,9165,1002,42538,1896,Allen PLC,9883,13996,GB,1549,A,C,N,0,0
627104,9104,1003,14575,7128,"Dawson, Hernandez and Odom",4021,30045,GB,2270,D,A,M,0,0
666564,9147,1173,46203,1306,Brooks-Wilkins,9832,82119,GB,339,A,A,M,0,0
988291,9102,1054,85045,4370,Griffin Inc,4050,93438,GB,1758,C,D,M,0,0
209931,9005,1128,62728,7898,Flores PLC,9883,00826,GB,2363,C,B,N,0,0
219540,9081,1100,26731,6888,"Huff, Moyer and Morgan",9883,50050,GB,988,A,C,N,0,0
174479,9176,1060,90995,4034,"Bennett, Roberts and Hill",2002,75613,GB,244,D,C,P,0,0
657660,9097,1015,11360,2438,Nixon Inc,4050,53397,GB,1508,D,A,N,0,0
596970,9082,1129,19509,2260,Smith Ltd,2333,84425,GB,2133,D,A,N,0,0
244025,9091,1090,88307,8533,"Lyons, James and Collier",2333,71600,GB,2144,B,D,M,0,0
235348,9048,1070,32228,3817,Schwartz-Baker,9883,79352,GB,2266,D,B,N,0,0
813604,9148,1104,75217,6606,Stephens PLC,9883,46724,GB,1669,B,C,P,0,0
975589,9071,1108,97532,4685,"Simpson, Barron and Gray",9883,13829,GB,1018,C,B,M,0,0
441529,9186,1114,84091,1399,Norris-Wright,9832,51378,GB,1198,A,A,P,0,0
637996,9050,1031,71512,7152,Franco and Sons,4021,44424,GB,231,D,A,M,0,0
564224,9186,1066,80205,1376,Reed Group,7383,89180,GB,742,D,C,N,0,0
651830,9188,1146,69850,7697,"Brown, Melendez and Massey",1011,34572,GB,429,D,C,N,0,1
240868,9113,1062,03331,5850,Collins-Young,2333,25658,GB,1188,C,A,N,0,0
252735,9100,1136,96619,1932,Hoffman LLC,7383,79978,GB,423,A,D,M,0,0
576610,9097,1074,14893,5380,"Day, Scott and Lopez",2333,81160,GB,695,A,C,P,0,0
769182,9010,1095,98080,4590,Garcia-Graves,2002,38479,GB,271,D,C,M,0,0
507362,9086,1181,80771,8089,Sims Ltd,7383,46878,GB,1374,D,A,P,0,0
663321,9094,1064,93131,4672,Deleon Inc,4050,03552,GB,606,B,C,P,0,0
174472,9046,1188,00922,4555,Oneill PLC,2002,11516,GB,485,B,B,M,0,0
227415,9083,1191,20794,8909,Carr-Sharp,9883,35684,GB,99,C,B,M,0,0
793555,9180,1096,46468,1702,Olson Group,2002,16237,GB,655,A,D,N,0,0
112542,9115,1078,63760,1584,Hancock and Sons,2333,88385,GB,712,A,B,P,0,0
801015,9086,1130,13127,3367,"Taylor, Thomas and Patel",9832,22649,GB,713,B,B,N,0,0
435019,9155,1104,67474,6819,Chavez and Sons,2333,36430,GB,1920,A,C,M,0,0
561273,9164,1087,76343,7353,Liu PLC,2333,26303,GB,112,B,C,P,0,0
825863,9032,1178,12463,9857,Long Inc,9883,20928,GB,2245,C,D,P,0,0
861657,9068,1133,72036,7382,Castillo Inc,7383,33921,GB,404,C,A,P,0,0
155038,9162,1107,19001,6260,Jacobs-Bullock,4050,33282,GB,2389,C,D,M,0,0
276665,9056,1013,42322,7122,Mendoza Group,4021,08527,GB,1216,B,C,N,0,0
666632,9143,1001,72628,1301,"Wilson, Branch and Lee",4050,45920,GB,1340,A,A,M,0,0
260997,9128,1012,51984,9399,Rodriguez Ltd,7383,31245,GB,1926,C,A,P,0,0
672317,9192,1121,09665,5420,Rivera Ltd,2333,80374,GB,1465,D,A,N,0,0
426511,9007,1045,21403,5676,Hanna-Smith,4050,77281,GB,1507,D,C,M,0,0
893824,9004,1165,19726,4156,"Vaughan, Chavez and Willis",1011,40785,GB,1769,B,B,P,1,1
106560,9001,1089,84416,9037,"Ramirez, Hall and Jones",9883,25774,GB,1315,D,D,P,0,0
448417,9169,1172,76972,3394,"Wheeler, Allen and Watts",9883,16257,GB,1463,B,A,M,0,0
393168,9082,1133,90101,4608,"Gibson, Boone and Cantu",1011,66073,GB,207,D,B,N,1,1
327725,9015,1120,94618,3358,"Campbell, Lane and Murray",2002,92062,GB,1990,D,A,P,0,0
591520,9080,1183,77748,6311,"Moon, Burton and Simpson",7383,28965,GB,413,C,A,N,0,0
951038,9124,1140,75456,3781,"Fisher, Murphy and Ramirez",2333,72283,GB,214,C,B,M,0,0
876796,9105,1184,10382,7896,Lewis Group,2002,98911,GB,959,A,A,P,0,0
972489,9193,1143,37640,6884,Butler-Ruiz,2333,37537,GB,642,A,C,M,0,0
581649,9068,1049,72147,3845,"Reynolds, Mcgee and Martinez",2333,49761,GB,1715,B,B,N,0,0
434946,9166,1071,11320,4942,Stokes-Ballard,7383,21356,GB,208,A,A,P,0,0
673723,9038,1001,40039,4961,"Morris, Brown and Brown",9832,27057,GB,1047,C,D,P,0,0
523142,9096,1187,04664,9678,Stark Inc,2002,10655,GB,2036,A,D,N,0,0
820746,9046,1169,38661,6064,Little Group,9832,51338,GB,1981,C,B,N,0,0
341232,9000,1035,60692,4036,Nelson Inc,7383,33147,GB,1788,C,A,P,0,0
180491,9041,1040,32456,6590,Rodriguez LLC,4021,34148,GB,2225,B,B,P,0,0
910707,9171,1187,39047,5112,"Murphy, Smith and Thomas",7383,35654,GB,1523,B,C,M,0,0
438948,9046,1043,53703,2197,"Johnson, Jensen and Quinn",9883,50474,GB,575,A,D,N,0,0
729913,9168,1071,14878,4738,Kelley-Reyes,9832,96554,GB,111,A,D,N,0,0
135428,9076,1032,48892,2384,"Wright, Martinez and Vaughan",2333,65134,GB,1048,B,C,M,0,0
303225,9196,1027,39334,5346,Morrison-Weaver,4050,60195,GB,2419,B,B,M,0,0
901963,9103,1028,73504,4750,Owens Ltd,9832,36478,GB,583,A,B,N,0,0
969312,9084,1099,74600,7341,Sims-Collins,7383,89844,GB,1233,C,D,P,0,0
806177,9141,1027,09062,6840,Elliott and Sons,2333,96269,GB,2276,B,C,P,0,0
404880,9043,1074,65222,7446,Ross PLC,4021,39134,GB,2209,C,B,P,0,0
331500,9120,1027,12832,3382,Hampton-Contreras,9883,86012,GB,876,A,B,P,0,0
773659,9161,1087,63847,4691,White PLC,1011,71326,GB,2472,C,A,N,0,1
710379,9121,1193,13947,3187,"Davis, Anderson and Anderson",4021,08730,GB,1001,D,A,P,0,0
812372,9096,1123,99696,7300,King LLC,1011,69616,GB,325,D,A,M,1,1
137154,9079,1169,41106,3630,"Beasley, Jensen and Thomas",9832,26285,GB,2079,D,C,M,0,0
161087,9060,1109,43049,3925,"Wilson, Johnson and Williams",2333,68117,GB,1092,C,B,P,0,0
554987,9152,1178,94605,8830,Johnson and Sons,1011,40174,GB,37,B,A,N,1,1
228552,9130,1128,23056,2140,Mcfarland-Thomas,7383,71117,GB,1536,C,C,N,0,0
834686,9138,1114,58640,4214,"Russo, Butler and Singh",9883,37575,GB,1562,A,B,M,0,0
764003,9112,1141,38540,1711,Baird-Guerra,7383,40357,GB,1422,C,B,M,0,0
712821,9065,1196,69340,5748,"Cole, Thomas and Salas",1011,54452,GB,44,C,A,M,1,1
846626,9112,1140,63335,7079,"Montgomery, Anthony and Sullivan",9832,47342,GB,34,D,A,P,0,0
288117,9096,1199,55857,7280,Davis Ltd,2002,74233,GB,1074,B,B,N,0,0
581129,9168,1110,49492,4131,"Salas, Thompson and Morrison",1011,27952,GB,1487,C,B,P,1,1
196641,9143,1190,14740,6939,"Taylor, Hendrix and Davis",9883,28625,GB,1696,B,B,M,0,0
800530,9200,1060,09888,1754,"Robertson, Winters and Perez",2333,36820,GB,220,D,A,P,0,0
135097,9186,1178,25854,6451,Young-Osborn,9832,88806,GB,824,D,A,M,0,0
693887,9078,1097,08323,8861,"Gonzalez, Adams and Moore",2333,85384,GB,843,B,D,P,0,0
228385,9175,1172,60746,1584,"Lee, Roberts and Livingston",9832,10682,GB,367,D,B,P,0,0
821128,9118,1064,14667,5891,"Choi, Ross and Bentley",1011,54521,GB,1323,D,D,N,0,1
530744,9067,1126,32215,5235,"Baker, Delgado and Clark",4021,93300,GB,1018,A,B,P,0,0
826056,9047,1069,32251,3421,Gonzalez-Villanueva,9832,71454,GB,635,B,A,M,0,0
430199,9059,1121,08341,6024,"Gibson, Brown and Dean",2002,78311,GB,2477,C,D,N,0,0
718724,9189,1177,11864,2807,Hill Ltd,9883,73369,GB,598,B,C,P,0,0
301309,9175,1098,77656,9171,Gonzales Ltd,9832,42271,GB,726,A,C,P,0,0
481028,9193,1042,23688,7998,Hall Group,4021,28193,GB,1562,A,A,P,0,0
614079,9192,1157,57422,1176,Hernandez PLC,9832,28403,GB,2483,B,C,P,0,0
975332,9038,1159,98792,5089,"Craig, Weeks and Rivera",2002,52956,GB,127,B,C,M,0,0
278372,9018,1097,62659,7574,"Mcguire, Sutton and Chapman",2333,49362,GB,803,A,B,P,0,0
374173,9168,1047,57032,7991,"Jones, Kirk and Skinner",2333,91570,GB,922,B,C,N,0,0
610541,9016,1082,11935,2868,"Brady, Webster and Gardner",4021,90473,GB,1397,C,D,P,0,0
149573,9191,1117,10659,6814,Williams-Peters,7383,12905,GB,1576,D,B,P,0,0
160124,9152,1016,58953,4007,Mckay LLC,2002,27191,GB,1818,D,C,N,0,0
426747,9194,1027,27927,6612,Nelson-Lucas,7383,13392,GB,1293,A,A,P,0,0
817599,9004,1062,48607,4647,Johnson Inc,2002,29552,GB,2208,A,D,P,0,0
419952,9135,1158,62235,4158,Hall Ltd,7383,29034,GB,711,B,C,N,0,0
976144,9087,1166,28992,4210,Mathews PLC,1011,16889,GB,885,A,D,N,0,1
280887,9065,1186,58361,5130,"Williams, Keith and Phillips",2333,77286,GB,1945,C,D,M,0,0
391876,9094,1066,55203,6182,"Mullins, Ali and Diaz",9832,08237,GB,117,C,C,M,0,0
216249,9097,1162,82422,9587,"Martin, Mitchell and Howard",7383,92615,GB,2480,D,B,M,0,0
222383,9005,1065,04196,8811,"Robbins, Archer and Cook",4021,09442,GB,2326,A,B,P,0,0
686452,9133,1124,66160,8271,"White, Wood and Owens",9883,30351,GB,795,B,B,N,0,0
223079,9031,1043,87744,8200,Murray-Ramirez,4021,92624,GB,1984,A,D,M,0,0
327167,9135,1162,11788,5961,"Hall, Cox and Johnson",2002,33710,GB,777,B,D,M,0,0
867981,9144,1117,92122,4507,Smith LLC,7383,65884,GB,1154,A,D,M,0,0
415639,9033,1101,65527,1571,"Stanley, Thomas and Pham",4050,22913,GB,1143,A,C,N,0,0
498783,9014,1029,21079,1581,"Ross, Ortiz and Ortiz",9832,65844,GB,290,B,D,P,0,0
181659,9049,1041,39727,8762,Ibarra-Waters,9883,10835,GB,2155,A,B,M,0,0
265218,9024,1076,48423,9582,Roach-Black,2002,34323,GB,2172,A,C,P,0,0
739132,9077,1024,33255,8474,Crosby-Best,2002,37580,GB,1316,D,C,N,0,0
766419,9148,1199,67424,5220,Carson-Nash,2002,26960,GB,779,B,D,P,0,0
437215,9070,1109,35572,7718,Lopez Inc,2002,04688,GB,956,D,A,N,0,0
139646,9124,1048,55073,2029,Horton Group,4021,64824,GB,2436,B,D,M,0,0
680320,9112,1007,02235,6446,"Brown, Alexander and Fuentes",1011,90649,GB,2075,A,B,P,1,1
577662,9035,1037,56528,1296,"Lee, Herman and Carr",4021,12622,GB,396,D,A,N,0,0
470380,9140,1119,11752,4647,Stanley-Flores,2333,02226,GB,890,A,B,M,0,0
988699,9142,1077,66525,2838,"Coleman, Phillips and Pitts",2002,59611,GB,713,B,B,P,0,0
822530,9158,1034,10734,5859,Owens PLC,9832,82855,GB,2361,A,C,P,0,0
944643,9012,1174,06201,9621,"Brock, Gibson and Blair",4050,71014,GB,2068,D,B,M,0,0
884299,9108,1154,46580,3736,Moore Group,2333,92737,GB,1481,C,A,N,0,0
899906,9098,1141,46535,2517,Tapia LLC,2333,49013,GB,1627,B,B,P,0,0
163597,9076,1065,96827,4972,Robbins-Austin,9832,58067,GB,2469,D,C,P,0,0
212345,9049,1019,03241,5353,"Alvarez, Hendrix and Jackson",4021,47247,GB,2179,C,C,P,0,0
618173,9051,1192,92407,2520,"Jenkins, Perez and Snyder",4050,94757,GB,1238,A,A,N,0,0
281591,9103,1040,47243,1794,Glenn Ltd,7383,10328,GB,1669,C,B,P,0,0
233221,9072,1188,59535,4536,"Taylor, Pope and Hall",4050,11442,GB,922,A,B,N,0,0
228361,9074,1143,10969,3195,"Barnes, Hickman and Gonzalez",2002,68024,GB,1061,D,A,P,0,0
317477,9044,1092,53873,6659,Bates LLC,7383,86168,GB,2167,D,C,P,0,0
781606,9155,1097,10160,2426,"Franklin, Reese and Hall",4021,03933,GB,2444,B,B,N,0,0
332746,9115,1067,69339,8859,Lopez Inc,2333,42428,GB,657,C,D,M,0,0
810797,9045,1042,31612,5603,"Drake, Cohen and Johnson",2002,52101,GB,824,B,D,M,0,0
387645,9182,1184,37212,8638,Taylor Group,2002,26656,GB,680,A,D,N,0,0
753339,9195,1159,23875,6057,Matthews-Hernandez,9832,52447,GB,219,A,A,N,0,0
894168,9074,1084,43997,9271,Garcia LLC,4050,32856,GB,1116,A,A,P,0,0
323382,9158,1110,56103,7042,Peck-Lowery,2002,82483,GB,1597,D,A,P,0,0
319147,9104,1160,73553,2855,Lewis-Dean,2333,19776,GB,25,D,B,N,0,0
170214,9077,1185,98787,3596,Williams-Shelton,4021,42365,GB,860,C,C,M,0,0
378264,9136,1147,32619,5624,Schultz and Sons,4050,29384,GB,1101,D,A,N,0,0
527362,9109,1083,73551,6701,"Harding, Clark and Lynch",9883,08327,GB,1749,B,D,N,0,0
497604,9098,1061,15001,6184,"Phillips, Sullivan and Contreras",4050,84616,GB,2390,D,B,P,0,0
450200,9110,1175,67466,1157,Molina-Rhodes,7383,36322,GB,2019,C,B,P,0,0
855479,9045,1052,17112,4082,"Harris, Howard and Garcia",2333,45835,GB,1446,B,D,M,0,0
964532,9032,1103,99259,3161,Phillips and Sons,4021,48055,GB,2284,A,C,M,0,0
238084,9152,1178,97584,1790,Bryant and Sons,2333,97934,GB,911,C,C,P,0,0
359716,9037,1149,05176,5391,"Miller, Hernandez and Collins",4050,87055,GB,2129,C,D,P,0,0
297896,9054,1082,74913,5623,Brock and Sons,9832,04084,GB,755,B,A,M,0,0
816060,9077,1051,31412,8260,Todd-Warren,2333,13511,GB,1564,A,D,P,0,0
333194,9136,1008,81297,8565,Mitchell PLC,7383,04625,GB,1078,D,A,P,0,0
278889,9104,1154,78846,4399,Hill-Smith,9883,55064,GB,216,A,A,N,0,0
969685,9067,1088,66368,9264,Meyers Group,9832,43604,GB,311,C,C,M,0,0
296100,9047,1163,27961,2278,Kelley-Freeman,4050,62807,GB,1531,D,D,P,0,0
482705,9004,1073,31780,7826,Morrison PLC,9883,43522,GB,557,C,D,N,0,0
122147,9014,1098,86841,1872,"Hodge, West and Blankenship",4050,24971,GB,316,D,B,M,0,0
641106,9152,1078,76531,1829,Johnson-Lewis,2333,10971,GB,2213,D,D,N,0,0
567350,9113,1049,76559,4097,Michael Inc,7383,62211,GB,1113,A,B,N,0,0
903875,9112,1170,38913,8676,Mcguire PLC,7383,28677,GB,351,D,C,P,0,0
137955,9090,1152,67332,1060,"White, Franco and Perez",4021,46552,GB,212,D,D,N,0,0
977238,9070,1051,99104,4492,Ward-Morrison,7383,39443,GB,243,D,B,P,0,0
617401,9140,1174,80180,9139,Gibson-Gonzalez,9832,83621,GB,2207,C,D,N,0,0
749335,9183,1101,78443,2314,"Ramirez, Wood and Bowman",7383,83060,GB,1933,B,C,P,0,0
741584,9099,1057,64270,3498,Haney Group,7383,65838,GB,318,C,D,N,0,0
466395,9053,1142,71670,2585,Guzman-Robinson,2002,85807,GB,2045,B,D,P,0,0
473653,9155,1054,44030,3836,Watson-Jones,4050,45057,GB,832,A,B,M,0,0
308178,9055,1082,13568,6396,"Pittman, Holt and Clark",9832,42142,GB,63,A,C,N,0,0
497051,9068,1022,42112,1951,Phillips-Davis,1011,92504,GB,485,D,D,M,1,1
441798,9129,1079,52864,9231,"Washington, Chen and Moss",1011,49689,GB,1995,A,B,M,1,1
407926,9140,1028,84437,8442,"Stevenson, King and Lopez",9883,48224,GB,2220,D,A,N,0,0
623636,9033,1045,80904,5179,Hall-Yang,1011,69631,GB,1777,A,A,N,1,1
862369,9077,1145,64908,3669,Contreras PLC,9832,87919,GB,508,C,C,P,0,0
837798,9108,1053,84817,3960,Clark Group,1011,52707,GB,812,A,D,P,0,1
278834,9055,1173,69528,6740,Freeman-Schultz,2002,58695,GB,12,B,A,M,0,0
887906,9179,1029,94027,4163,Moran Ltd,7383,80015,GB,1583,C,C,N,0,0
697813,9170,1025,86704,7115,Hood PLC,4021,60757,GB,1696,D,B,N,0,0
168520,9014,1075,21021,1888,"Hill, Franklin and Cooley",7383,26034,GB,50,A,C,P,0,0
236471,9168,1074,31615,9622,"Burton, White and Brown",4050,10874,GB,1338,C,A,P,0,0
794809,9082,1089,63785,5027,"Myers, Anderson and Ford",7383,08949,GB,1187,B,C,M,0,0
144216,9143,1095,24251,2204,Baldwin and Sons,7383,28733,GB,1416,D,B,N,0,0
823833,9014,1024,59761,3461,Crosby Group,4021,88820,GB,1067,A,C,N,0,0
151741,9088,1194,40949,6981,"Mcneil, Dixon and Simpson",9883,67858,GB,1853,C,C,P,0,0
299525,9085,1111,41754,9856,"Anderson, Velez and Choi",9883,03104,GB,951,D,C,N,0,0
325409,9199,1159,33120,8872,"Mckay, Lopez and Butler",9832,87638,GB,1327,A,B,N,0,0
535174,9134,1001,61010,9661,"Brooks, Greer and Heath",4021,55952,GB,1659,C,B,P,0,0
517428,9154,1015,98490,9596,Morales-Knight,7383,26112,GB,753,B,C,P,0,0
770095,9036,1090,39973,7325,"York, Baker and Moore",2002,05043,GB,1777,D,A,M,0,0
760422,9063,1066,90299,7828,Harris-Moran,2333,12945,GB,1449,D,C,N,0,0
757482,9158,1074,67722,3437,Davis-Gutierrez,4021,93982,GB,2271,C,D,M,0,0
433173,9030,1123,94239,4481,Logan-Johnson,9832,21685,GB,1550,C,B,M,0,0
898494,9043,1164,40806,1477,Brooks-Johnson,2002,32737,GB,502,B,C,N,0,0
308420,9086,1007,83028,8096,Morgan-Wells,9883,31616,GB,1578,A,B,P,0,0
765044,9024,1005,28780,6305,"Hall, Molina and Pineda",4050,19497,GB,2083,A,D,M,0,0
380831,9134,1143,77709,7782,Wheeler and Sons,2333,99512,GB,81,A,D,N,0,0
638425,9046,1132,85298,9578,"Nelson, Pitts and Cross",9883,45496,GB,821,D,A,P,0,0
418759,9011,1035,01938,8131,Patton-Hernandez,2333,89106,GB,433,C,A,M,0,0
171575,9005,1134,64707,8489,"Duffy, Berg and Castillo",7383,60314,GB,191,D,B,M,0,0
